user_id,item_id,category_id,event_order
0,49,4,0
0,49,4,1
0,57,5,2
0,58,5,3
0,44,4,4
0,58,5,5
0,53,5,6
0,49,4,7
0,49,4,8
0,49,4,9
0,58,5,10
0,45,4,11
0,49,4,12
0,53,5,13
0,43,4,14
0,49,4,15
0,48,4,16
0,51,5,17
1,33,3,0
1,39,3,1
1,33,3,2
1,26,2,3
1,33,3,4
1,27,2,5
1,34,3,6
1,22,2,7
1,25,2,8
1,14,1,9
1,21,2,10
1,32,3,11
1,25,2,12
1,31,3,13
1,33,3,14
1,46,4,15
1,27,2,16
1,26,2,17
2,56,5,0
2,65,6,1
2,27,2,2
2,35,3,3
2,69,6,4
2,61,6,5
2,64,6,6
2,67,6,7
2,24,2,8
2,51,5,9
2,62,6,10
2,65,6,11
2,25,2,12
2,60,6,13
2,48,4,14
2,27,2,15
2,21,2,16
2,25,2,17
3,5,0,0
3,3,0,1
3,18,1,2
3,3,0,3
3,7,0,4
3,49,4,5
3,8,0,6
3,25,2,7
3,6,0,8
3,26,2,9
3,3,0,10
3,29,2,11
3,21,2,12
3,4,0,13
3,27,2,14
3,25,2,15
3,21,2,16
3,6,0,17
4,16,1,0
4,71,7,1
4,11,1,2
4,31,3,3
4,38,3,4
4,32,3,5
4,34,3,6
4,39,3,7
4,69,6,8
4,69,6,9
4,25,2,10
4,66,6,11
4,31,3,12
4,65,6,13
4,33,3,14
4,62,6,15
4,62,6,16
4,66,6,17
5,17,1,0
5,25,2,1
5,27,2,2
5,11,1,3
5,26,2,4
5,18,1,5
5,13,1,6
5,25,2,7
5,22,2,8
5,25,2,9
5,25,2,10
5,24,2,11
5,49,4,12
5,13,1,13
5,17,1,14
5,19,1,15
5,28,2,16
5,25,2,17
6,23,2,0
6,23,2,1
6,3,0,2
6,4,0,3
6,49,4,4
6,48,4,5
6,4,0,6
6,13,1,7
6,6,0,8
6,10,1,9
6,1,0,10
6,6,0,11
6,6,0,12
6,53,5,13
6,14,1,14
6,4,0,15
6,10,1,16
6,11,1,17
7,50,5,0
7,38,3,1
7,8,0,2
7,50,5,3
7,72,7,4
7,50,5,5
7,58,5,6
7,0,0,7
7,5,0,8
7,58,5,9
7,50,5,10
7,49,4,11
7,21,2,12
7,8,0,13
7,53,5,14
7,20,2,15
7,43,4,16
7,55,5,17
8,50,5,0
8,3,0,1
8,1,0,2
8,51,5,3
8,3,0,4
8,3,0,5
8,6,0,6
8,79,7,7
8,4,0,8
8,3,0,9
8,78,7,10
8,72,7,11
8,74,7,12
8,17,1,13
8,78,7,14
8,79,7,15
8,71,7,16
8,79,7,17
9,67,6,0
9,74,7,1
9,72,7,2
9,53,5,3
9,71,7,4
9,5,0,5
9,77,7,6
9,72,7,7
9,17,1,8
9,78,7,9
9,79,7,10
9,74,7,11
9,67,6,12
9,72,7,13
9,3,0,14
9,38,3,15
9,65,6,16
9,67,6,17
10,21,2,0
10,61,6,1
10,67,6,2
10,67,6,3
10,64,6,4
10,74,7,5
10,29,2,6
10,65,6,7
10,27,2,8
10,25,2,9
10,68,6,10
10,27,2,11
10,64,6,12
10,28,2,13
10,21,2,14
10,21,2,15
10,29,2,16
10,61,6,17
11,18,1,0
11,3,0,1
11,70,7,2
11,14,1,3
11,18,1,4
11,72,7,5
11,32,3,6
11,49,4,7
11,10,1,8
11,14,1,9
11,75,7,10
11,62,6,11
11,77,7,12
11,76,7,13
11,14,1,14
11,35,3,15
11,69,6,16
11,11,1,17
12,75,7,0
12,27,2,1
12,72,7,2
12,61,6,3
12,74,7,4
12,9,0,5
12,49,4,6
12,77,7,7
12,75,7,8
12,8,0,9
12,77,7,10
12,32,3,11
12,72,7,12
12,72,7,13
12,32,3,14
12,75,7,15
12,49,4,16
12,78,7,17
13,77,7,0
13,78,7,1
13,49,4,2
13,72,7,3
13,72,7,4
13,58,5,5
13,58,5,6
13,50,5,7
13,50,5,8
13,74,7,9
13,49,4,10
13,72,7,11
13,32,3,12
13,55,5,13
13,10,1,14
13,72,7,15
13,52,5,16
13,57,5,17
14,72,7,0
14,24,2,1
14,74,7,2
14,74,7,3
14,78,7,4
14,27,2,5
14,76,7,6
14,21,2,7
14,79,7,8
14,25,2,9
14,27,2,10
14,21,2,11
14,75,7,12
14,45,4,13
14,78,7,14
14,23,2,15
14,77,7,16
14,27,2,17
15,53,5,0
15,10,1,1
15,39,3,2
15,38,3,3
15,18,1,4
15,37,3,5
15,33,3,6
15,32,3,7
15,69,6,8
15,46,4,9
15,31,3,10
15,64,6,11
15,35,3,12
15,46,4,13
15,35,3,14
15,49,4,15
15,60,6,16
15,33,3,17
16,48,4,0
16,24,2,1
16,25,2,2
16,27,2,3
16,12,1,4
16,20,2,5
16,56,5,6
16,25,2,7
16,62,6,8
16,20,2,9
16,63,6,10
16,24,2,11
16,67,6,12
16,67,6,13
16,60,6,14
16,27,2,15
16,9,0,16
16,65,6,17
17,40,4,0
17,49,4,1
17,3,0,2
17,48,4,3
17,49,4,4
17,72,7,5
17,46,4,6
17,45,4,7
17,46,4,8
17,33,3,9
17,78,7,10
17,75,7,11
17,49,4,12
17,40,4,13
17,40,4,14
17,78,7,15
17,43,4,16
17,43,4,17
18,67,6,0
18,67,6,1
18,73,7,2
18,69,6,3
18,75,7,4
18,69,6,5
18,64,6,6
18,51,5,7
18,74,7,8
18,60,6,9
18,72,7,10
18,72,7,11
18,78,7,12
18,31,3,13
18,57,5,14
18,72,7,15
18,65,6,16
18,44,4,17
19,48,4,0
19,25,2,1
19,22,2,2
19,49,4,3
19,46,4,4
19,49,4,5
19,45,4,6
19,26,2,7
19,24,2,8
19,43,4,9
19,48,4,10
19,3,0,11
19,43,4,12
19,43,4,13
19,48,4,14
19,25,2,15
19,49,4,16
19,31,3,17
20,67,6,0
20,50,5,1
20,65,6,2
20,50,5,3
20,53,5,4
20,49,4,5
20,55,5,6
20,27,2,7
20,69,6,8
20,4,0,9
20,55,5,10
20,65,6,11
20,44,4,12
20,58,5,13
20,57,5,14
20,64,6,15
20,61,6,16
20,65,6,17
21,50,5,0
21,12,1,1
21,3,0,2
21,4,0,3
21,58,5,4
21,7,0,5
21,58,5,6
21,8,0,7
21,2,0,8
21,8,0,9
21,25,2,10
21,3,0,11
21,41,4,12
21,56,5,13
21,35,3,14
21,50,5,15
21,79,7,16
21,5,0,17
22,49,4,0
22,49,4,1
22,49,4,2
22,42,4,3
22,72,7,4
22,76,7,5
22,77,7,6
22,49,4,7
22,48,4,8
22,57,5,9
22,78,7,10
22,78,7,11
22,46,4,12
22,78,7,13
22,72,7,14
22,75,7,15
22,43,4,16
22,78,7,17
23,12,1,0
23,46,4,1
23,11,1,2
23,64,6,3
23,50,5,4
23,49,4,5
23,66,6,6
23,65,6,7
23,10,1,8
23,65,6,9
23,46,4,10
23,12,1,11
23,17,1,12
23,39,3,13
23,67,6,14
23,67,6,15
23,11,1,16
23,21,2,17
24,76,7,0
24,72,7,1
24,60,6,2
24,70,7,3
24,71,7,4
24,78,7,5
24,65,6,6
24,61,6,7
24,74,7,8
24,67,6,9
24,69,6,10
24,79,7,11
24,72,7,12
24,72,7,13
24,78,7,14
24,74,7,15
24,78,7,16
24,72,7,17
25,46,4,0
25,45,4,1
25,49,4,2
25,33,3,3
25,43,4,4
25,71,7,5
25,58,5,6
25,17,1,7
25,43,4,8
25,49,4,9
25,48,4,10
25,49,4,11
25,43,4,12
25,74,7,13
25,46,4,14
25,48,4,15
25,48,4,16
25,49,4,17
26,24,2,0
26,23,2,1
26,74,7,2
26,27,2,3
26,78,7,4
26,21,2,5
26,50,5,6
26,73,7,7
26,48,4,8
26,28,2,9
26,74,7,10
26,48,4,11
26,78,7,12
26,25,2,13
26,71,7,14
26,72,7,15
26,78,7,16
26,21,2,17
27,48,4,0
27,49,4,1
27,48,4,2
27,45,4,3
27,49,4,4
27,35,3,5
27,11,1,6
27,49,4,7
27,49,4,8
27,49,4,9
27,45,4,10
27,48,4,11
27,48,4,12
27,37,3,13
27,49,4,14
27,61,6,15
27,43,4,16
27,31,3,17
28,48,4,0
28,65,6,1
28,49,4,2
28,48,4,3
28,48,4,4
28,7,0,5
28,41,4,6
28,49,4,7
28,43,4,8
28,9,0,9
28,3,0,10
28,9,0,11
28,46,4,12
28,49,4,13
28,43,4,14
28,49,4,15
28,4,0,16
28,49,4,17
29,38,3,0
29,37,3,1
29,67,6,2
29,32,3,3
29,68,6,4
29,68,6,5
29,69,6,6
29,67,6,7
29,39,3,8
29,60,6,9
29,39,3,10
29,33,3,11
29,77,7,12
29,9,0,13
29,32,3,14
29,69,6,15
29,69,6,16
29,33,3,17
30,74,7,0
30,65,6,1
30,55,5,2
30,3,0,3
30,53,5,4
30,54,5,5
30,33,3,6
30,35,3,7
30,51,5,8
30,58,5,9
30,74,7,10
30,71,7,11
30,58,5,12
30,74,7,13
30,75,7,14
30,57,5,15
30,72,7,16
30,78,7,17
31,51,5,0
31,55,5,1
31,40,4,2
31,54,5,3
31,57,5,4
31,55,5,5
31,50,5,6
31,53,5,7
31,53,5,8
31,25,2,9
31,1,0,10
31,61,6,11
31,48,4,12
31,8,0,13
31,7,0,14
31,31,3,15
31,50,5,16
31,50,5,17
32,79,7,0
32,6,0,1
32,78,7,2
32,14,1,3
32,48,4,4
32,74,7,5
32,72,7,6
32,72,7,7
32,31,3,8
32,76,7,9
32,72,7,10
32,78,7,11
32,79,7,12
32,73,7,13
32,74,7,14
32,78,7,15
32,72,7,16
32,72,7,17
33,24,2,0
33,25,2,1
33,25,2,2
33,0,0,3
33,3,0,4
33,21,2,5
33,7,0,6
33,26,2,7
33,76,7,8
33,7,0,9
33,29,2,10
33,20,2,11
33,27,2,12
33,3,0,13
33,25,2,14
33,24,2,15
33,32,3,16
33,3,0,17
34,48,4,0
34,25,2,1
34,49,4,2
34,26,2,3
34,21,2,4
34,22,2,5
34,49,4,6
34,49,4,7
34,49,4,8
34,49,4,9
34,49,4,10
34,49,4,11
34,46,4,12
34,48,4,13
34,53,5,14
34,45,4,15
34,27,2,16
34,49,4,17
35,49,4,0
35,67,6,1
35,49,4,2
35,49,4,3
35,48,4,4
35,45,4,5
35,49,4,6
35,49,4,7
35,49,4,8
35,53,5,9
35,69,6,10
35,49,4,11
35,49,4,12
35,65,6,13
35,49,4,14
35,46,4,15
35,61,6,16
35,64,6,17
36,70,7,0
36,24,2,1
36,69,6,2
36,69,6,3
36,60,6,4
36,79,7,5
36,74,7,6
36,66,6,7
36,75,7,8
36,61,6,9
36,64,6,10
36,74,7,11
36,73,7,12
36,74,7,13
36,66,6,14
36,50,5,15
36,67,6,16
36,74,7,17
37,78,7,0
37,79,7,1
37,9,0,2
37,75,7,3
37,79,7,4
37,7,0,5
37,0,0,6
37,3,0,7
37,74,7,8
37,74,7,9
37,7,0,10
37,78,7,11
37,6,0,12
37,73,7,13
37,4,0,14
37,74,7,15
37,1,0,16
37,72,7,17
38,46,4,0
38,26,2,1
38,59,5,2
38,29,2,3
38,27,2,4
38,24,2,5
38,20,2,6
38,20,2,7
38,39,3,8
38,3,0,9
38,33,3,10
38,33,3,11
38,32,3,12
38,30,3,13
38,20,2,14
38,24,2,15
38,35,3,16
38,47,4,17
39,42,4,0
39,49,4,1
39,20,2,2
39,46,4,3
39,65,6,4
39,43,4,5
39,29,2,6
39,41,4,7
39,46,4,8
39,49,4,9
39,48,4,10
39,39,3,11
39,42,4,12
39,48,4,13
39,48,4,14
39,23,2,15
39,46,4,16
39,48,4,17
40,12,1,0
40,11,1,1
40,25,2,2
40,29,2,3
40,25,2,4
40,25,2,5
40,11,1,6
40,25,2,7
40,24,2,8
40,5,0,9
40,27,2,10
40,14,1,11
40,22,2,12
40,22,2,13
40,26,2,14
40,44,4,15
40,29,2,16
40,14,1,17
41,56,5,0
41,53,5,1
41,72,7,2
41,59,5,3
41,57,5,4
41,71,7,5
41,54,5,6
41,75,7,7
41,73,7,8
41,74,7,9
41,79,7,10
41,72,7,11
41,72,7,12
41,74,7,13
41,72,7,14
41,78,7,15
41,55,5,16
41,54,5,17
42,3,0,0
42,78,7,1
42,17,1,2
42,79,7,3
42,3,0,4
42,6,0,5
42,74,7,6
42,29,2,7
42,46,4,8
42,5,0,9
42,4,0,10
42,76,7,11
42,72,7,12
42,74,7,13
42,22,2,14
42,50,5,15
42,78,7,16
42,78,7,17
43,62,6,0
43,2,0,1
43,7,0,2
43,48,4,3
43,17,1,4
43,7,0,5
43,63,6,6
43,4,0,7
43,68,6,8
43,4,0,9
43,64,6,10
43,32,3,11
43,65,6,12
43,9,0,13
43,8,0,14
43,60,6,15
43,72,7,16
43,62,6,17
44,4,0,0
44,8,0,1
44,3,0,2
44,65,6,3
44,6,0,4
44,11,1,5
44,3,0,6
44,7,0,7
44,13,1,8
44,10,1,9
44,3,0,10
44,18,1,11
44,72,7,12
44,5,0,13
44,4,0,14
44,19,1,15
44,11,1,16
44,1,0,17
45,74,7,0
45,64,6,1
45,38,3,2
45,3,0,3
45,68,6,4
45,8,0,5
45,7,0,6
45,65,6,7
45,65,6,8
45,0,0,9
45,46,4,10
45,7,0,11
45,72,7,12
45,7,0,13
45,6,0,14
45,61,6,15
45,68,6,16
45,60,6,17
46,45,4,0
46,61,6,1
46,42,4,2
46,68,6,3
46,68,6,4
46,49,4,5
46,46,4,6
46,67,6,7
46,61,6,8
46,49,4,9
46,43,4,10
46,49,4,11
46,63,6,12
46,44,4,13
46,45,4,14
46,48,4,15
46,62,6,16
46,40,4,17
47,50,5,0
47,53,5,1
47,4,0,2
47,69,6,3
47,4,0,4
47,57,5,5
47,0,0,6
47,53,5,7
47,8,0,8
47,25,2,9
47,58,5,10
47,28,2,11
47,50,5,12
47,51,5,13
47,0,0,14
47,53,5,15
47,60,6,16
47,31,3,17
48,46,4,0
48,14,1,1
48,13,1,2
48,60,6,3
48,9,0,4
48,77,7,5
48,63,6,6
48,14,1,7
48,51,5,8
48,10,1,9
48,61,6,10
48,66,6,11
48,65,6,12
48,11,1,13
48,11,1,14
48,61,6,15
48,15,1,16
48,69,6,17
49,13,1,0
49,19,1,1
49,49,4,2
49,11,1,3
49,13,1,4
49,3,0,5
49,54,5,6
49,49,4,7
49,1,0,8
49,8,0,9
49,49,4,10
49,14,1,11
49,7,0,12
49,8,0,13
49,17,1,14
49,17,1,15
49,3,0,16
49,10,1,17
50,49,4,0
50,62,6,1
50,49,4,2
50,65,6,3
50,46,4,4
50,35,3,5
50,40,4,6
50,49,4,7
50,6,0,8
50,65,6,9
50,43,4,10
50,63,6,11
50,46,4,12
50,40,4,13
50,46,4,14
50,4,0,15
50,43,4,16
50,43,4,17
51,39,3,0
51,50,5,1
51,25,2,2
51,25,2,3
51,50,5,4
51,35,3,5
51,35,3,6
51,32,3,7
51,54,5,8
51,59,5,9
51,37,3,10
51,37,3,11
51,35,3,12
51,32,3,13
51,35,3,14
51,56,5,15
51,30,3,16
51,56,5,17
52,49,4,0
52,41,4,1
52,49,4,2
52,49,4,3
52,48,4,4
52,43,4,5
52,4,0,6
52,47,4,7
52,8,0,8
52,49,4,9
52,49,4,10
52,46,4,11
52,48,4,12
52,48,4,13
52,42,4,14
52,5,0,15
52,44,4,16
52,46,4,17
53,72,7,0
53,25,2,1
53,78,7,2
53,32,3,3
53,33,3,4
53,31,3,5
53,47,4,6
53,78,7,7
53,72,7,8
53,46,4,9
53,75,7,10
53,78,7,11
53,65,6,12
53,74,7,13
53,79,7,14
53,12,1,15
53,71,7,16
53,72,7,17
54,46,4,0
54,57,5,1
54,57,5,2
54,43,4,3
54,51,5,4
54,50,5,5
54,48,4,6
54,48,4,7
54,46,4,8
54,50,5,9
54,48,4,10
54,50,5,11
54,50,5,12
54,72,7,13
54,50,5,14
54,40,4,15
54,45,4,16
54,49,4,17
55,33,3,0
55,25,2,1
55,24,2,2
55,20,2,3
55,7,0,4
55,24,2,5
55,78,7,6
55,27,2,7
55,78,7,8
55,21,2,9
55,72,7,10
55,50,5,11
55,72,7,12
55,75,7,13
55,27,2,14
55,72,7,15
55,25,2,16
55,74,7,17
56,39,3,0
56,14,1,1
56,49,4,2
56,43,4,3
56,46,4,4
56,48,4,5
56,43,4,6
56,73,7,7
56,49,4,8
56,48,4,9
56,14,1,10
56,43,4,11
56,43,4,12
56,48,4,13
56,11,1,14
56,14,1,15
56,49,4,16
56,43,4,17
57,3,0,0
57,3,0,1
57,37,3,2
57,48,4,3
57,72,7,4
57,52,5,5
57,5,0,6
57,53,5,7
57,0,0,8
57,54,5,9
57,8,0,10
57,53,5,11
57,65,6,12
57,75,7,13
57,50,5,14
57,3,0,15
57,2,0,16
57,7,0,17
58,49,4,0
58,7,0,1
58,8,0,2
58,39,3,3
58,19,1,4
58,7,0,5
58,12,1,6
58,13,1,7
58,18,1,8
58,3,0,9
58,19,1,10
58,3,0,11
58,14,1,12
58,63,6,13
58,4,0,14
58,24,2,15
58,10,1,16
58,5,0,17
59,25,2,0
59,43,4,1
59,46,4,2
59,49,4,3
59,49,4,4
59,49,4,5
59,45,4,6
59,49,4,7
59,49,4,8
59,45,4,9
59,23,2,10
59,40,4,11
59,48,4,12
59,46,4,13
59,25,2,14
59,49,4,15
59,48,4,16
59,24,2,17
60,17,1,0
60,43,4,1
60,46,4,2
60,74,7,3
60,62,6,4
60,15,1,5
60,18,1,6
60,11,1,7
60,17,1,8
60,65,6,9
60,18,1,10
60,65,6,11
60,16,1,12
60,58,5,13
60,10,1,14
60,11,1,15
60,18,1,16
60,69,6,17
61,35,3,0
61,38,3,1
61,26,2,2
61,48,4,3
61,50,5,4
61,48,4,5
61,49,4,6
61,41,4,7
61,49,4,8
61,45,4,9
61,48,4,10
61,36,3,11
61,48,4,12
61,35,3,13
61,39,3,14
61,38,3,15
61,43,4,16
61,35,3,17
62,26,2,0
62,49,4,1
62,48,4,2
62,55,5,3
62,49,4,4
62,50,5,5
62,49,4,6
62,49,4,7
62,72,7,8
62,53,5,9
62,40,4,10
62,24,2,11
62,49,4,12
62,29,2,13
62,49,4,14
62,78,7,15
62,47,4,16
62,27,2,17
63,49,4,0
63,6,0,1
63,49,4,2
63,48,4,3
63,49,4,4
63,42,4,5
63,49,4,6
63,7,0,7
63,48,4,8
63,49,4,9
63,46,4,10
63,5,0,11
63,58,5,12
63,46,4,13
63,27,2,14
63,49,4,15
63,49,4,16
63,49,4,17
64,50,5,0
64,48,4,1
64,48,4,2
64,5,0,3
64,33,3,4
64,33,3,5
64,31,3,6
64,37,3,7
64,39,3,8
64,52,5,9
64,49,4,10
64,39,3,11
64,31,3,12
64,33,3,13
64,35,3,14
64,31,3,15
64,33,3,16
64,38,3,17
65,5,0,0
65,25,2,1
65,9,0,2
65,9,0,3
65,25,2,4
65,22,2,5
65,18,1,6
65,14,1,7
65,1,0,8
65,46,4,9
65,15,1,10
65,59,5,11
65,4,0,12
65,3,0,13
65,49,4,14
65,7,0,15
65,69,6,16
65,19,1,17
66,17,1,0
66,65,6,1
66,60,6,2
66,65,6,3
66,15,1,4
66,7,0,5
66,18,1,6
66,64,6,7
66,68,6,8
66,16,1,9
66,25,2,10
66,67,6,11
66,14,1,12
66,62,6,13
66,67,6,14
66,59,5,15
66,11,1,16
66,61,6,17
67,31,3,0
67,49,4,1
67,48,4,2
67,8,0,3
67,48,4,4
67,46,4,5
67,49,4,6
67,48,4,7
67,49,4,8
67,48,4,9
67,3,0,10
67,45,4,11
67,3,0,12
67,32,3,13
67,31,3,14
67,45,4,15
67,41,4,16
67,9,0,17
68,26,2,0
68,60,6,1
68,13,1,2
68,25,2,3
68,17,1,4
68,67,6,5
68,10,1,6
68,10,1,7
68,28,2,8
68,64,6,9
68,67,6,10
68,38,3,11
68,72,7,12
68,61,6,13
68,69,6,14
68,67,6,15
68,67,6,16
68,10,1,17
69,72,7,0
69,3,0,1
69,3,0,2
69,3,0,3
69,50,5,4
69,3,0,5
69,38,3,6
69,4,0,7
69,1,0,8
69,3,0,9
69,3,0,10
69,78,7,11
69,72,7,12
69,72,7,13
69,79,7,14
69,71,7,15
69,78,7,16
69,72,7,17
70,31,3,0
70,14,1,1
70,10,1,2
70,51,5,3
70,22,2,4
70,39,3,5
70,31,3,6
70,10,1,7
70,33,3,8
70,11,1,9
70,37,3,10
70,29,2,11
70,39,3,12
70,11,1,13
70,10,1,14
70,11,1,15
70,58,5,16
70,17,1,17
71,47,4,0
71,44,4,1
71,43,4,2
71,49,4,3
71,48,4,4
71,69,6,5
71,64,6,6
71,63,6,7
71,33,3,8
71,48,4,9
71,2,0,10
71,65,6,11
71,45,4,12
71,48,4,13
71,44,4,14
71,40,4,15
71,69,6,16
71,49,4,17
72,31,3,0
72,39,3,1
72,39,3,2
72,1,0,3
72,31,3,4
72,1,0,5
72,25,2,6
72,18,1,7
72,39,3,8
72,6,0,9
72,33,3,10
72,31,3,11
72,39,3,12
72,39,3,13
72,3,0,14
72,39,3,15
72,3,0,16
72,35,3,17
73,3,0,0
73,59,5,1
73,58,5,2
73,47,4,3
73,5,0,4
73,6,0,5
73,8,0,6
73,12,1,7
73,3,0,8
73,9,0,9
73,1,0,10
73,1,0,11
73,58,5,12
73,53,5,13
73,55,5,14
73,53,5,15
73,8,0,16
73,52,5,17
74,67,6,0
74,77,7,1
74,74,7,2
74,58,5,3
74,72,7,4
74,64,6,5
74,57,5,6
74,70,7,7
74,72,7,8
74,10,1,9
74,65,6,10
74,66,6,11
74,60,6,12
74,74,7,13
74,60,6,14
74,72,7,15
74,75,7,16
74,78,7,17
75,24,2,0
75,25,2,1
75,25,2,2
75,25,2,3
75,61,6,4
75,27,2,5
75,19,1,6
75,24,2,7
75,25,2,8
75,65,6,9
75,21,2,10
75,21,2,11
75,49,4,12
75,21,2,13
75,61,6,14
75,23,2,15
75,49,4,16
75,25,2,17
76,0,0,0
76,74,7,1
76,78,7,2
76,5,0,3
76,49,4,4
76,73,7,5
76,8,0,6
76,72,7,7
76,1,0,8
76,9,0,9
76,8,0,10
76,72,7,11
76,72,7,12
76,72,7,13
76,77,7,14
76,78,7,15
76,3,0,16
76,72,7,17
77,40,4,0
77,49,4,1
77,46,4,2
77,44,4,3
77,7,0,4
77,49,4,5
77,49,4,6
77,48,4,7
77,48,4,8
77,4,0,9
77,40,4,10
77,45,4,11
77,49,4,12
77,3,0,13
77,8,0,14
77,53,5,15
77,5,0,16
77,48,4,17
78,31,3,0
78,48,4,1
78,51,5,2
78,48,4,3
78,40,4,4
78,61,6,5
78,49,4,6
78,48,4,7
78,37,3,8
78,48,4,9
78,49,4,10
78,48,4,11
78,42,4,12
78,72,7,13
78,30,3,14
78,39,3,15
78,58,5,16
78,47,4,17
79,49,4,0
79,78,7,1
79,67,6,2
79,46,4,3
79,45,4,4
79,45,4,5
79,44,4,6
79,43,4,7
79,46,4,8
79,60,6,9
79,48,4,10
79,44,4,11
79,64,6,12
79,48,4,13
79,43,4,14
79,49,4,15
79,27,2,16
79,11,1,17
80,49,4,0
80,37,3,1
80,78,7,2
80,30,3,3
80,75,7,4
80,61,6,5
80,78,7,6
80,31,3,7
80,33,3,8
80,31,3,9
80,76,7,10
80,33,3,11
80,32,3,12
80,39,3,13
80,67,6,14
80,39,3,15
80,4,0,16
80,33,3,17
81,23,2,0
81,14,1,1
81,19,1,2
81,21,2,3
81,4,0,4
81,25,2,5
81,40,4,6
81,13,1,7
81,29,2,8
81,21,2,9
81,16,1,10
81,25,2,11
81,13,1,12
81,17,1,13
81,29,2,14
81,22,2,15
81,68,6,16
81,17,1,17
82,75,7,0
82,74,7,1
82,15,1,2
82,14,1,3
82,18,1,4
82,35,3,5
82,14,1,6
82,13,1,7
82,74,7,8
82,17,1,9
82,78,7,10
82,70,7,11
82,10,1,12
82,73,7,13
82,13,1,14
82,40,4,15
82,46,4,16
82,10,1,17
83,25,2,0
83,33,3,1
83,25,2,2
83,32,3,3
83,39,3,4
83,24,2,5
83,28,2,6
83,31,3,7
83,21,2,8
83,32,3,9
83,79,7,10
83,38,3,11
83,31,3,12
83,24,2,13
83,21,2,14
83,44,4,15
83,36,3,16
83,38,3,17
84,69,6,0
84,48,4,1
84,21,2,2
84,38,3,3
84,72,7,4
84,31,3,5
84,33,3,6
84,33,3,7
84,73,7,8
84,38,3,9
84,72,7,10
84,38,3,11
84,39,3,12
84,31,3,13
84,39,3,14
84,79,7,15
84,73,7,16
84,72,7,17
85,2,0,0
85,39,3,1
85,39,3,2
85,35,3,3
85,49,4,4
85,2,0,5
85,3,0,6
85,50,5,7
85,30,3,8
85,58,5,9
85,31,3,10
85,31,3,11
85,39,3,12
85,31,3,13
85,4,0,14
85,31,3,15
85,5,0,16
85,49,4,17
86,65,6,0
86,75,7,1
86,9,0,2
86,1,0,3
86,50,5,4
86,78,7,5
86,69,6,6
86,49,4,7
86,58,5,8
86,46,4,9
86,72,7,10
86,54,5,11
86,72,7,12
86,79,7,13
86,72,7,14
86,61,6,15
86,49,4,16
86,64,6,17
87,5,0,0
87,0,0,1
87,74,7,2
87,71,7,3
87,73,7,4
87,31,3,5
87,6,0,6
87,72,7,7
87,38,3,8
87,7,0,9
87,76,7,10
87,78,7,11
87,74,7,12
87,78,7,13
87,72,7,14
87,7,0,15
87,75,7,16
87,73,7,17
88,50,5,0
88,43,4,1
88,45,4,2
88,43,4,3
88,46,4,4
88,27,2,5
88,15,1,6
88,49,4,7
88,48,4,8
88,73,7,9
88,48,4,10
88,41,4,11
88,49,4,12
88,19,1,13
88,79,7,14
88,43,4,15
88,44,4,16
88,48,4,17
89,18,1,0
89,7,0,1
89,1,0,2
89,49,4,3
89,49,4,4
89,7,0,5
89,8,0,6
89,1,0,7
89,7,0,8
89,65,6,9
89,31,3,10
89,4,0,11
89,3,0,12
89,29,2,13
89,26,2,14
89,24,2,15
89,49,4,16
89,7,0,17
90,33,3,0
90,1,0,1
90,36,3,2
90,39,3,3
90,17,1,4
90,1,0,5
90,36,3,6
90,34,3,7
90,38,3,8
90,3,0,9
90,33,3,10
90,25,2,11
90,2,0,12
90,34,3,13
90,32,3,14
90,39,3,15
90,11,1,16
90,30,3,17
91,46,4,0
91,43,4,1
91,21,2,2
91,78,7,3
91,75,7,4
91,75,7,5
91,46,4,6
91,27,2,7
91,72,7,8
91,79,7,9
91,73,7,10
91,21,2,11
91,74,7,12
91,33,3,13
91,4,0,14
91,25,2,15
91,78,7,16
91,46,4,17
92,3,0,0
92,50,5,1
92,34,3,2
92,31,3,3
92,52,5,4
92,50,5,5
92,33,3,6
92,21,2,7
92,56,5,8
92,53,5,9
92,31,3,10
92,55,5,11
92,38,3,12
92,55,5,13
92,57,5,14
92,31,3,15
92,43,4,16
92,54,5,17
93,72,7,0
93,72,7,1
93,78,7,2
93,31,3,3
93,72,7,4
93,72,7,5
93,38,3,6
93,71,7,7
93,39,3,8
93,29,2,9
93,38,3,10
93,1,0,11
93,72,7,12
93,77,7,13
93,32,3,14
93,77,7,15
93,33,3,16
93,11,1,17
94,57,5,0
94,50,5,1
94,21,2,2
94,25,2,3
94,53,5,4
94,45,4,5
94,50,5,6
94,23,2,7
94,50,5,8
94,26,2,9
94,20,2,10
94,27,2,11
94,50,5,12
94,50,5,13
94,25,2,14
94,32,3,15
94,27,2,16
94,38,3,17
95,33,3,0
95,29,2,1
95,24,2,2
95,25,2,3
95,37,3,4
95,25,2,5
95,35,3,6
95,23,2,7
95,23,2,8
95,39,3,9
95,33,3,10
95,23,2,11
95,49,4,12
95,39,3,13
95,32,3,14
95,27,2,15
95,25,2,16
95,27,2,17
96,51,5,0
96,65,6,1
96,50,5,2
96,40,4,3
96,46,4,4
96,42,4,5
96,49,4,6
96,46,4,7
96,46,4,8
96,17,1,9
96,49,4,10
96,50,5,11
96,49,4,12
96,41,4,13
96,50,5,14
96,58,5,15
96,58,5,16
96,61,6,17
97,48,4,0
97,16,1,1
97,78,7,2
97,17,1,3
97,43,4,4
97,49,4,5
97,77,7,6
97,40,4,7
97,49,4,8
97,15,1,9
97,18,1,10
97,11,1,11
97,48,4,12
97,11,1,13
97,46,4,14
97,44,4,15
97,40,4,16
97,48,4,17
98,50,5,0
98,75,7,1
98,72,7,2
98,79,7,3
98,50,5,4
98,78,7,5
98,78,7,6
98,78,7,7
98,56,5,8
98,74,7,9
98,58,5,10
98,74,7,11
98,51,5,12
98,74,7,13
98,50,5,14
98,52,5,15
98,56,5,16
98,49,4,17
99,27,2,0
99,27,2,1
99,35,3,2
99,49,4,3
99,16,1,4
99,27,2,5
99,12,1,6
99,26,2,7
99,7,0,8
99,10,1,9
99,35,3,10
99,27,2,11
99,17,1,12
99,27,2,13
99,17,1,14
99,25,2,15
99,28,2,16
99,14,1,17
100,72,7,0
100,25,2,1
100,72,7,2
100,73,7,3
100,25,2,4
100,27,2,5
100,20,2,6
100,51,5,7
100,48,4,8
100,72,7,9
100,53,5,10
100,76,7,11
100,75,7,12
100,22,2,13
100,71,7,14
100,72,7,15
100,37,3,16
100,25,2,17
101,48,4,0
101,10,1,1
101,46,4,2
101,76,7,3
101,48,4,4
101,25,2,5
101,49,4,6
101,48,4,7
101,49,4,8
101,27,2,9
101,49,4,10
101,48,4,11
101,26,2,12
101,40,4,13
101,25,2,14
101,5,0,15
101,21,2,16
101,25,2,17
102,22,2,0
102,43,4,1
102,69,6,2
102,18,1,3
102,18,1,4
102,12,1,5
102,11,1,6
102,7,0,7
102,48,4,8
102,49,4,9
102,44,4,10
102,65,6,11
102,11,1,12
102,49,4,13
102,69,6,14
102,52,5,15
102,65,6,16
102,38,3,17
103,72,7,0
103,40,4,1
103,33,3,2
103,46,4,3
103,32,3,4
103,41,4,5
103,46,4,6
103,4,0,7
103,49,4,8
103,35,3,9
103,46,4,10
103,48,4,11
103,43,4,12
103,49,4,13
103,49,4,14
103,48,4,15
103,46,4,16
103,49,4,17
104,9,0,0
104,1,0,1
104,17,1,2
104,9,0,3
104,79,7,4
104,7,0,5
104,9,0,6
104,39,3,7
104,39,3,8
104,31,3,9
104,46,4,10
104,0,0,11
104,37,3,12
104,3,0,13
104,4,0,14
104,67,6,15
104,75,7,16
104,34,3,17
105,67,6,0
105,53,5,1
105,57,5,2
105,38,3,3
105,56,5,4
105,45,4,5
105,51,5,6
105,50,5,7
105,63,6,8
105,58,5,9
105,65,6,10
105,67,6,11
105,38,3,12
105,76,7,13
105,66,6,14
105,51,5,15
105,57,5,16
105,26,2,17
106,24,2,0
106,11,1,1
106,76,7,2
106,49,4,3
106,21,2,4
106,31,3,5
106,24,2,6
106,15,1,7
106,25,2,8
106,12,1,9
106,25,2,10
106,38,3,11
106,10,1,12
106,11,1,13
106,16,1,14
106,13,1,15
106,11,1,16
106,27,2,17
107,27,2,0
107,17,1,1
107,22,2,2
107,27,2,3
107,49,4,4
107,22,2,5
107,18,1,6
107,25,2,7
107,16,1,8
107,15,1,9
107,12,1,10
107,17,1,11
107,25,2,12
107,25,2,13
107,54,5,14
107,17,1,15
107,27,2,16
107,25,2,17
108,40,4,0
108,28,2,1
108,75,7,2
108,10,1,3
108,72,7,4
108,75,7,5
108,77,7,6
108,9,0,7
108,72,7,8
108,28,2,9
108,21,2,10
108,74,7,11
108,29,2,12
108,70,7,13
108,27,2,14
108,25,2,15
108,74,7,16
108,75,7,17
109,29,2,0
109,22,2,1
109,21,2,2
109,21,2,3
109,65,6,4
109,65,6,5
109,27,2,6
109,23,2,7
109,9,0,8
109,21,2,9
109,68,6,10
109,25,2,11
109,21,2,12
109,69,6,13
109,69,6,14
109,27,2,15
109,25,2,16
109,24,2,17
110,10,1,0
110,49,4,1
110,3,0,2
110,7,0,3
110,3,0,4
110,1,0,5
110,3,0,6
110,49,4,7
110,51,5,8
110,72,7,9
110,42,4,10
110,68,6,11
110,49,4,12
110,40,4,13
110,46,4,14
110,48,4,15
110,7,0,16
110,49,4,17
111,41,4,0
111,49,4,1
111,45,4,2
111,13,1,3
111,44,4,4
111,13,1,5
111,43,4,6
111,21,2,7
111,11,1,8
111,14,1,9
111,12,1,10
111,49,4,11
111,49,4,12
111,24,2,13
111,44,4,14
111,49,4,15
111,42,4,16
111,48,4,17
112,76,7,0
112,24,2,1
112,36,3,2
112,75,7,3
112,57,5,4
112,52,5,5
112,69,6,6
112,67,6,7
112,67,6,8
112,10,1,9
112,53,5,10
112,65,6,11
112,53,5,12
112,60,6,13
112,65,6,14
112,59,5,15
112,50,5,16
112,62,6,17
113,44,4,0
113,40,4,1
113,48,4,2
113,19,1,3
113,42,4,4
113,43,4,5
113,49,4,6
113,49,4,7
113,49,4,8
113,3,0,9
113,16,1,10
113,49,4,11
113,47,4,12
113,51,5,13
113,43,4,14
113,17,1,15
113,48,4,16
113,17,1,17
114,27,2,0
114,24,2,1
114,25,2,2
114,23,2,3
114,62,6,4
114,78,7,5
114,24,2,6
114,24,2,7
114,3,0,8
114,27,2,9
114,27,2,10
114,10,1,11
114,12,1,12
114,10,1,13
114,21,2,14
114,25,2,15
114,11,1,16
114,62,6,17
115,25,2,0
115,49,4,1
115,48,4,2
115,49,4,3
115,49,4,4
115,72,7,5
115,46,4,6
115,46,4,7
115,9,0,8
115,44,4,9
115,27,2,10
115,21,2,11
115,47,4,12
115,20,2,13
115,48,4,14
115,58,5,15
115,43,4,16
115,48,4,17
116,3,0,0
116,5,0,1
116,1,0,2
116,31,3,3
116,65,6,4
116,65,6,5
116,75,7,6
116,68,6,7
116,63,6,8
116,65,6,9
116,49,4,10
116,0,0,11
116,65,6,12
116,52,5,13
116,69,6,14
116,4,0,15
116,69,6,16
116,3,0,17
117,48,4,0
117,30,3,1
117,46,4,2
117,41,4,3
117,25,2,4
117,49,4,5
117,49,4,6
117,27,2,7
117,33,3,8
117,49,4,9
117,44,4,10
117,48,4,11
117,49,4,12
117,49,4,13
117,46,4,14
117,49,4,15
117,25,2,16
117,49,4,17
118,48,4,0
118,41,4,1
118,49,4,2
118,47,4,3
118,53,5,4
118,32,3,5
118,48,4,6
118,14,1,7
118,16,1,8
118,46,4,9
118,49,4,10
118,45,4,11
118,46,4,12
118,53,5,13
118,17,1,14
118,49,4,15
118,49,4,16
118,48,4,17
119,49,4,0
119,65,6,1
119,42,4,2
119,43,4,3
119,48,4,4
119,46,4,5
119,25,2,6
119,49,4,7
119,48,4,8
119,43,4,9
119,43,4,10
119,48,4,11
119,29,2,12
119,47,4,13
119,24,2,14
119,42,4,15
119,49,4,16
119,24,2,17
120,54,5,0
120,1,0,1
120,57,5,2
120,7,0,3
120,4,0,4
120,3,0,5
120,51,5,6
120,53,5,7
120,51,5,8
120,58,5,9
120,26,2,10
120,3,0,11
120,8,0,12
120,4,0,13
120,53,5,14
120,55,5,15
120,49,4,16
120,7,0,17
121,48,4,0
121,6,0,1
121,46,4,2
121,9,0,3
121,49,4,4
121,46,4,5
121,45,4,6
121,46,4,7
121,42,4,8
121,49,4,9
121,1,0,10
121,25,2,11
121,40,4,12
121,7,0,13
121,48,4,14
121,1,0,15
121,48,4,16
121,49,4,17
122,30,3,0
122,27,2,1
122,25,2,2
122,33,3,3
122,25,2,4
122,35,3,5
122,27,2,6
122,39,3,7
122,58,5,8
122,36,3,9
122,27,2,10
122,33,3,11
122,38,3,12
122,27,2,13
122,32,3,14
122,22,2,15
122,31,3,16
122,28,2,17
123,18,1,0
123,13,1,1
123,12,1,2
123,10,1,3
123,13,1,4
123,67,6,5
123,16,1,6
123,43,4,7
123,75,7,8
123,43,4,9
123,49,4,10
123,25,2,11
123,57,5,12
123,44,4,13
123,48,4,14
123,41,4,15
123,17,1,16
123,17,1,17
124,50,5,0
124,53,5,1
124,33,3,2
124,12,1,3
124,51,5,4
124,11,1,5
124,59,5,6
124,55,5,7
124,50,5,8
124,11,1,9
124,49,4,10
124,12,1,11
124,73,7,12
124,39,3,13
124,52,5,14
124,11,1,15
124,43,4,16
124,13,1,17
125,74,7,0
125,31,3,1
125,36,3,2
125,3,0,3
125,6,0,4
125,3,0,5
125,4,0,6
125,4,0,7
125,34,3,8
125,31,3,9
125,33,3,10
125,33,3,11
125,9,0,12
125,40,4,13
125,32,3,14
125,46,4,15
125,39,3,16
125,36,3,17
126,48,4,0
126,48,4,1
126,31,3,2
126,43,4,3
126,48,4,4
126,31,3,5
126,45,4,6
126,46,4,7
126,37,3,8
126,38,3,9
126,48,4,10
126,31,3,11
126,6,0,12
126,49,4,13
126,48,4,14
126,46,4,15
126,49,4,16
126,37,3,17
127,51,5,0
127,17,1,1
127,17,1,2
127,50,5,3
127,11,1,4
127,53,5,5
127,58,5,6
127,58,5,7
127,51,5,8
127,14,1,9
127,3,0,10
127,50,5,11
127,16,1,12
127,17,1,13
127,53,5,14
127,11,1,15
127,51,5,16
127,54,5,17
128,64,6,0
128,14,1,1
128,6,0,2
128,3,0,3
128,69,6,4
128,9,0,5
128,4,0,6
128,1,0,7
128,4,0,8
128,66,6,9
128,4,0,10
128,61,6,11
128,69,6,12
128,8,0,13
128,43,4,14
128,3,0,15
128,4,0,16
128,9,0,17
129,45,4,0
129,49,4,1
129,48,4,2
129,46,4,3
129,43,4,4
129,46,4,5
129,43,4,6
129,44,4,7
129,38,3,8
129,33,3,9
129,58,5,10
129,27,2,11
129,29,2,12
129,31,3,13
129,43,4,14
129,45,4,15
129,39,3,16
129,48,4,17
130,21,2,0
130,21,2,1
130,24,2,2
130,8,0,3
130,21,2,4
130,10,1,5
130,4,0,6
130,13,1,7
130,25,2,8
130,72,7,9
130,23,2,10
130,23,2,11
130,7,0,12
130,21,2,13
130,49,4,14
130,4,0,15
130,22,2,16
130,58,5,17
131,48,4,0
131,46,4,1
131,1,0,2
131,46,4,3
131,42,4,4
131,5,0,5
131,43,4,6
131,45,4,7
131,48,4,8
131,47,4,9
131,10,1,10
131,47,4,11
131,46,4,12
131,43,4,13
131,48,4,14
131,44,4,15
131,48,4,16
131,49,4,17
132,46,4,0
132,46,4,1
132,43,4,2
132,49,4,3
132,46,4,4
132,45,4,5
132,78,7,6
132,47,4,7
132,46,4,8
132,46,4,9
132,49,4,10
132,49,4,11
132,49,4,12
132,46,4,13
132,78,7,14
132,46,4,15
132,40,4,16
132,49,4,17
133,43,4,0
133,43,4,1
133,9,0,2
133,65,6,3
133,48,4,4
133,50,5,5
133,76,7,6
133,60,6,7
133,49,4,8
133,46,4,9
133,39,3,10
133,46,4,11
133,20,2,12
133,65,6,13
133,49,4,14
133,49,4,15
133,49,4,16
133,49,4,17
134,75,7,0
134,14,1,1
134,10,1,2
134,32,3,3
134,11,1,4
134,25,2,5
134,39,3,6
134,31,3,7
134,16,1,8
134,32,3,9
134,13,1,10
134,18,1,11
134,65,6,12
134,15,1,13
134,39,3,14
134,51,5,15
134,78,7,16
134,0,0,17
135,4,0,0
135,47,4,1
135,46,4,2
135,49,4,3
135,3,0,4
135,45,4,5
135,49,4,6
135,48,4,7
135,42,4,8
135,7,0,9
135,43,4,10
135,5,0,11
135,6,0,12
135,49,4,13
135,3,0,14
135,49,4,15
135,4,0,16
135,6,0,17
136,46,4,0
136,17,1,1
136,67,6,2
136,59,5,3
136,8,0,4
136,18,1,5
136,4,0,6
136,63,6,7
136,42,4,8
136,57,5,9
136,1,0,10
136,67,6,11
136,67,6,12
136,64,6,13
136,3,0,14
136,7,0,15
136,6,0,16
136,10,1,17
137,25,2,0
137,31,3,1
137,76,7,2
137,75,7,3
137,72,7,4
137,10,1,5
137,48,4,6
137,78,7,7
137,25,2,8
137,15,1,9
137,27,2,10
137,30,3,11
137,78,7,12
137,79,7,13
137,21,2,14
137,72,7,15
137,28,2,16
137,72,7,17
138,33,3,0
138,17,1,1
138,78,7,2
138,78,7,3
138,72,7,4
138,76,7,5
138,27,2,6
138,27,2,7
138,78,7,8
138,27,2,9
138,33,3,10
138,27,2,11
138,25,2,12
138,29,2,13
138,73,7,14
138,72,7,15
138,20,2,16
138,27,2,17
139,65,6,0
139,51,5,1
139,65,6,2
139,62,6,3
139,51,5,4
139,57,5,5
139,49,4,6
139,10,1,7
139,50,5,8
139,58,5,9
139,65,6,10
139,68,6,11
139,67,6,12
139,17,1,13
139,66,6,14
139,35,3,15
139,29,2,16
139,51,5,17
140,27,2,0
140,25,2,1
140,52,5,2
140,78,7,3
140,25,2,4
140,75,7,5
140,72,7,6
140,39,3,7
140,73,7,8
140,47,4,9
140,72,7,10
140,27,2,11
140,43,4,12
140,25,2,13
140,26,2,14
140,79,7,15
140,71,7,16
140,72,7,17
141,51,5,0
141,16,1,1
141,25,2,2
141,72,7,3
141,55,5,4
141,44,4,5
141,50,5,6
141,17,1,7
141,53,5,8
141,17,1,9
141,57,5,10
141,59,5,11
141,53,5,12
141,14,1,13
141,46,4,14
141,17,1,15
141,24,2,16
141,13,1,17
142,33,3,0
142,49,4,1
142,18,1,2
142,78,7,3
142,31,3,4
142,43,4,5
142,45,4,6
142,48,4,7
142,49,4,8
142,42,4,9
142,48,4,10
142,14,1,11
142,14,1,12
142,39,3,13
142,42,4,14
142,42,4,15
142,43,4,16
142,47,4,17
143,26,2,0
143,25,2,1
143,78,7,2
143,23,2,3
143,20,2,4
143,23,2,5
143,62,6,6
143,23,2,7
143,45,4,8
143,60,6,9
143,25,2,10
143,65,6,11
143,69,6,12
143,25,2,13
143,25,2,14
143,32,3,15
143,25,2,16
143,67,6,17
144,72,7,0
144,1,0,1
144,72,7,2
144,4,0,3
144,36,3,4
144,79,7,5
144,4,0,6
144,75,7,7
144,3,0,8
144,75,7,9
144,3,0,10
144,0,0,11
144,3,0,12
144,73,7,13
144,16,1,14
144,4,0,15
144,74,7,16
144,72,7,17
145,70,7,0
145,40,4,1
145,76,7,2
145,76,7,3
145,39,3,4
145,58,5,5
145,38,3,6
145,33,3,7
145,72,7,8
145,72,7,9
145,31,3,10
145,74,7,11
145,78,7,12
145,38,3,13
145,35,3,14
145,33,3,15
145,74,7,16
145,32,3,17
146,50,5,0
146,78,7,1
146,66,6,2
146,51,5,3
146,50,5,4
146,60,6,5
146,58,5,6
146,65,6,7
146,58,5,8
146,53,5,9
146,53,5,10
146,51,5,11
146,50,5,12
146,51,5,13
146,60,6,14
146,78,7,15
146,67,6,16
146,50,5,17
147,3,0,0
147,48,4,1
147,7,0,2
147,23,2,3
147,3,0,4
147,24,2,5
147,66,6,6
147,45,4,7
147,20,2,8
147,3,0,9
147,25,2,10
147,27,2,11
147,49,4,12
147,27,2,13
147,48,4,14
147,27,2,15
147,18,1,16
147,72,7,17
148,33,3,0
148,33,3,1
148,35,3,2
148,32,3,3
148,22,2,4
148,39,3,5
148,35,3,6
148,23,2,7
148,33,3,8
148,25,2,9
148,31,3,10
148,30,3,11
148,24,2,12
148,27,2,13
148,25,2,14
148,36,3,15
148,20,2,16
148,26,2,17
149,48,4,0
149,49,4,1
149,46,4,2
149,49,4,3
149,46,4,4
149,49,4,5
149,45,4,6
149,49,4,7
149,31,3,8
149,45,4,9
149,38,3,10
149,37,3,11
149,46,4,12
149,32,3,13
149,49,4,14
149,39,3,15
149,31,3,16
149,35,3,17
150,4,0,0
150,24,2,1
150,51,5,2
150,25,2,3
150,27,2,4
150,72,7,5
150,73,7,6
150,52,5,7
150,29,2,8
150,29,2,9
150,25,2,10
150,79,7,11
150,22,2,12
150,74,7,13
150,25,2,14
150,76,7,15
150,78,7,16
150,72,7,17
151,39,3,0
151,26,2,1
151,21,2,2
151,65,6,3
151,36,3,4
151,43,4,5
151,3,0,6
151,38,3,7
151,38,3,8
151,36,3,9
151,78,7,10
151,50,5,11
151,46,4,12
151,27,2,13
151,24,2,14
151,29,2,15
151,5,0,16
151,33,3,17
152,59,5,0
152,29,2,1
152,57,5,2
152,50,5,3
152,27,2,4
152,25,2,5
152,53,5,6
152,24,2,7
152,59,5,8
152,57,5,9
152,50,5,10
152,53,5,11
152,25,2,12
152,45,4,13
152,53,5,14
152,25,2,15
152,27,2,16
152,59,5,17
153,3,0,0
153,7,0,1
153,4,0,2
153,0,0,3
153,71,7,4
153,9,0,5
153,22,2,6
153,1,0,7
153,8,0,8
153,3,0,9
153,1,0,10
153,48,4,11
153,68,6,12
153,5,0,13
153,43,4,14
153,11,1,15
153,58,5,16
153,69,6,17
154,58,5,0
154,51,5,1
154,18,1,2
154,10,1,3
154,50,5,4
154,50,5,5
154,31,3,6
154,18,1,7
154,11,1,8
154,19,1,9
154,50,5,10
154,65,6,11
154,57,5,12
154,18,1,13
154,58,5,14
154,43,4,15
154,17,1,16
154,49,4,17
155,38,3,0
155,49,4,1
155,46,4,2
155,66,6,3
155,48,4,4
155,65,6,5
155,46,4,6
155,46,4,7
155,74,7,8
155,49,4,9
155,38,3,10
155,41,4,11
155,49,4,12
155,46,4,13
155,25,2,14
155,72,7,15
155,45,4,16
155,35,3,17
156,27,2,0
156,53,5,1
156,25,2,2
156,55,5,3
156,38,3,4
156,25,2,5
156,5,0,6
156,27,2,7
156,21,2,8
156,27,2,9
156,50,5,10
156,53,5,11
156,27,2,12
156,50,5,13
156,45,4,14
156,54,5,15
156,50,5,16
156,29,2,17
157,34,3,0
157,58,5,1
157,58,5,2
157,33,3,3
157,53,5,4
157,31,3,5
157,51,5,6
157,78,7,7
157,51,5,8
157,49,4,9
157,36,3,10
157,76,7,11
157,37,3,12
157,38,3,13
157,46,4,14
157,54,5,15
157,31,3,16
157,33,3,17
158,46,4,0
158,48,4,1
158,35,3,2
158,37,3,3
158,48,4,4
158,43,4,5
158,41,4,6
158,49,4,7
158,47,4,8
158,35,3,9
158,35,3,10
158,46,4,11
158,46,4,12
158,33,3,13
158,31,3,14
158,38,3,15
158,49,4,16
158,49,4,17
159,48,4,0
159,49,4,1
159,71,7,2
159,49,4,3
159,24,2,4
159,11,1,5
159,49,4,6
159,51,5,7
159,40,4,8
159,48,4,9
159,18,1,10
159,48,4,11
159,11,1,12
159,13,1,13
159,49,4,14
159,48,4,15
159,48,4,16
159,43,4,17
160,3,0,0
160,3,0,1
160,3,0,2
160,63,6,3
160,78,7,4
160,43,4,5
160,5,0,6
160,1,0,7
160,65,6,8
160,3,0,9
160,63,6,10
160,5,0,11
160,65,6,12
160,56,5,13
160,17,1,14
160,5,0,15
160,49,4,16
160,62,6,17
161,8,0,0
161,27,2,1
161,7,0,2
161,27,2,3
161,21,2,4
161,26,2,5
161,51,5,6
161,4,0,7
161,51,5,8
161,48,4,9
161,24,2,10
161,1,0,11
161,29,2,12
161,25,2,13
161,8,0,14
161,1,0,15
161,20,2,16
161,3,0,17
162,51,5,0
162,50,5,1
162,33,3,2
162,51,5,3
162,32,3,4
162,31,3,5
162,37,3,6
162,32,3,7
162,39,3,8
162,50,5,9
162,39,3,10
162,50,5,11
162,57,5,12
162,75,7,13
162,30,3,14
162,50,5,15
162,9,0,16
162,49,4,17
163,0,0,0
163,59,5,1
163,27,2,2
163,50,5,3
163,55,5,4
163,51,5,5
163,58,5,6
163,3,0,7
163,1,0,8
163,4,0,9
163,51,5,10
163,51,5,11
163,4,0,12
163,1,0,13
163,50,5,14
163,58,5,15
163,4,0,16
163,40,4,17
164,48,4,0
164,64,6,1
164,27,2,2
164,64,6,3
164,21,2,4
164,21,2,5
164,35,3,6
164,65,6,7
164,67,6,8
164,27,2,9
164,31,3,10
164,77,7,11
164,67,6,12
164,29,2,13
164,25,2,14
164,25,2,15
164,25,2,16
164,20,2,17
165,58,5,0
165,56,5,1
165,52,5,2
165,58,5,3
165,53,5,4
165,78,7,5
165,44,4,6
165,51,5,7
165,75,7,8
165,55,5,9
165,51,5,10
165,75,7,11
165,77,7,12
165,46,4,13
165,78,7,14
165,54,5,15
165,74,7,16
165,75,7,17
166,27,2,0
166,31,3,1
166,25,2,2
166,25,2,3
166,20,2,4
166,22,2,5
166,38,3,6
166,29,2,7
166,25,2,8
166,21,2,9
166,32,3,10
166,35,3,11
166,25,2,12
166,27,2,13
166,33,3,14
166,33,3,15
166,23,2,16
166,30,3,17
167,38,3,0
167,72,7,1
167,72,7,2
167,51,5,3
167,65,6,4
167,78,7,5
167,33,3,6
167,75,7,7
167,39,3,8
167,35,3,9
167,73,7,10
167,75,7,11
167,71,7,12
167,78,7,13
167,33,3,14
167,27,2,15
167,70,7,16
167,39,3,17
168,67,6,0
168,31,3,1
168,7,0,2
168,2,0,3
168,67,6,4
168,69,6,5
168,62,6,6
168,9,0,7
168,4,0,8
168,9,0,9
168,3,0,10
168,69,6,11
168,1,0,12
168,1,0,13
168,1,0,14
168,48,4,15
168,29,2,16
168,8,0,17
169,50,5,0
169,55,5,1
169,20,2,2
169,69,6,3
169,67,6,4
169,52,5,5
169,64,6,6
169,51,5,7
169,49,4,8
169,31,3,9
169,56,5,10
169,26,2,11
169,65,6,12
169,65,6,13
169,69,6,14
169,69,6,15
169,53,5,16
169,65,6,17
170,50,5,0
170,16,1,1
170,12,1,2
170,55,5,3
170,51,5,4
170,19,1,5
170,51,5,6
170,14,1,7
170,50,5,8
170,19,1,9
170,11,1,10
170,58,5,11
170,59,5,12
170,25,2,13
170,17,1,14
170,11,1,15
170,50,5,16
170,54,5,17
171,72,7,0
171,15,1,1
171,56,5,2
171,53,5,3
171,16,1,4
171,5,0,5
171,16,1,6
171,8,0,7
171,12,1,8
171,10,1,9
171,0,0,10
171,10,1,11
171,2,0,12
171,56,5,13
171,6,0,14
171,1,0,15
171,10,1,16
171,18,1,17
172,22,2,0
172,3,0,1
172,79,7,2
172,1,0,3
172,1,0,4
172,0,0,5
172,72,7,6
172,7,0,7
172,76,7,8
172,74,7,9
172,74,7,10
172,4,0,11
172,72,7,12
172,78,7,13
172,75,7,14
172,5,0,15
172,2,0,16
172,53,5,17
173,8,0,0
173,24,2,1
173,27,2,2
173,51,5,3
173,24,2,4
173,25,2,5
173,24,2,6
173,55,5,7
173,25,2,8
173,22,2,9
173,57,5,10
173,53,5,11
173,23,2,12
173,25,2,13
173,59,5,14
173,24,2,15
173,56,5,16
173,46,4,17
174,66,6,0
174,43,4,1
174,72,7,2
174,78,7,3
174,65,6,4
174,65,6,5
174,74,7,6
174,72,7,7
174,74,7,8
174,48,4,9
174,75,7,10
174,78,7,11
174,72,7,12
174,13,1,13
174,72,7,14
174,69,6,15
174,78,7,16
174,72,7,17
175,31,3,0
175,25,2,1
175,66,6,2
175,33,3,3
175,35,3,4
175,33,3,5
175,24,2,6
175,35,3,7
175,24,2,8
175,23,2,9
175,29,2,10
175,31,3,11
175,31,3,12
175,53,5,13
175,27,2,14
175,35,3,15
175,25,2,16
175,38,3,17
176,28,2,0
176,32,3,1
176,50,5,2
176,57,5,3
176,25,2,4
176,26,2,5
176,53,5,6
176,27,2,7
176,51,5,8
176,74,7,9
176,49,4,10
176,57,5,11
176,9,0,12
176,51,5,13
176,51,5,14
176,50,5,15
176,21,2,16
176,25,2,17
177,14,1,0
177,31,3,1
177,32,3,2
177,75,7,3
177,72,7,4
177,32,3,5
177,49,4,6
177,33,3,7
177,32,3,8
177,27,2,9
177,38,3,10
177,23,2,11
177,24,2,12
177,33,3,13
177,36,3,14
177,21,2,15
177,77,7,16
177,38,3,17
178,3,0,0
178,25,2,1
178,7,0,2
178,4,0,3
178,9,0,4
178,14,1,5
178,14,1,6
178,8,0,7
178,18,1,8
178,11,1,9
178,10,1,10
178,17,1,11
178,17,1,12
178,72,7,13
178,2,0,14
178,69,6,15
178,4,0,16
178,3,0,17
179,45,4,0
179,49,4,1
179,48,4,2
179,65,6,3
179,52,5,4
179,48,4,5
179,50,5,6
179,27,2,7
179,49,4,8
179,53,5,9
179,49,4,10
179,48,4,11
179,46,4,12
179,48,4,13
179,52,5,14
179,50,5,15
179,43,4,16
179,46,4,17
180,78,7,0
180,74,7,1
180,33,3,2
180,72,7,3
180,33,3,4
180,39,3,5
180,71,7,6
180,38,3,7
180,46,4,8
180,49,4,9
180,31,3,10
180,33,3,11
180,70,7,12
180,72,7,13
180,78,7,14
180,15,1,15
180,78,7,16
180,31,3,17
181,29,2,0
181,79,7,1
181,24,2,2
181,20,2,3
181,65,6,4
181,73,7,5
181,74,7,6
181,78,7,7
181,72,7,8
181,79,7,9
181,17,1,10
181,27,2,11
181,22,2,12
181,72,7,13
181,43,4,14
181,51,5,15
181,25,2,16
181,76,7,17
182,13,1,0
182,33,3,1
182,34,3,2
182,38,3,3
182,14,1,4
182,11,1,5
182,31,3,6
182,10,1,7
182,35,3,8
182,39,3,9
182,31,3,10
182,10,1,11
182,53,5,12
182,58,5,13
182,18,1,14
182,38,3,15
182,14,1,16
182,38,3,17
183,17,1,0
183,6,0,1
183,12,1,2
183,15,1,3
183,43,4,4
183,11,1,5
183,12,1,6
183,4,0,7
183,9,0,8
183,11,1,9
183,10,1,10
183,13,1,11
183,75,7,12
183,3,0,13
183,11,1,14
183,0,0,15
183,3,0,16
183,6,0,17
184,1,0,0
184,72,7,1
184,21,2,2
184,50,5,3
184,27,2,4
184,74,7,5
184,48,4,6
184,73,7,7
184,72,7,8
184,78,7,9
184,72,7,10
184,72,7,11
184,27,2,12
184,49,4,13
184,22,2,14
184,74,7,15
184,18,1,16
184,22,2,17
185,53,5,0
185,73,7,1
185,58,5,2
185,53,5,3
185,69,6,4
185,69,6,5
185,57,5,6
185,50,5,7
185,53,5,8
185,68,6,9
185,59,5,10
185,50,5,11
185,55,5,12
185,61,6,13
185,53,5,14
185,58,5,15
185,78,7,16
185,45,4,17
186,49,4,0
186,49,4,1
186,46,4,2
186,49,4,3
186,51,5,4
186,51,5,5
186,49,4,6
186,49,4,7
186,53,5,8
186,40,4,9
186,49,4,10
186,72,7,11
186,46,4,12
186,52,5,13
186,48,4,14
186,46,4,15
186,48,4,16
186,53,5,17
187,64,6,0
187,25,2,1
187,25,2,2
187,23,2,3
187,72,7,4
187,25,2,5
187,65,6,6
187,26,2,7
187,32,3,8
187,66,6,9
187,24,2,10
187,32,3,11
187,24,2,12
187,74,7,13
187,68,6,14
187,27,2,15
187,25,2,16
187,48,4,17
188,65,6,0
188,64,6,1
188,43,4,2
188,48,4,3
188,45,4,4
188,29,2,5
188,40,4,6
188,69,6,7
188,65,6,8
188,66,6,9
188,43,4,10
188,45,4,11
188,45,4,12
188,48,4,13
188,64,6,14
188,49,4,15
188,49,4,16
188,65,6,17
189,56,5,0
189,75,7,1
189,49,4,2
189,49,4,3
189,53,5,4
189,44,4,5
189,48,4,6
189,28,2,7
189,58,5,8
189,48,4,9
189,49,4,10
189,40,4,11
189,57,5,12
189,48,4,13
189,45,4,14
189,48,4,15
189,48,4,16
189,49,4,17
190,3,0,0
190,3,0,1
190,33,3,2
190,37,3,3
190,3,0,4
190,33,3,5
190,38,3,6
190,1,0,7
190,39,3,8
190,4,0,9
190,39,3,10
190,33,3,11
190,34,3,12
190,3,0,13
190,46,4,14
190,27,2,15
190,25,2,16
190,43,4,17
191,67,6,0
191,13,1,1
191,69,6,2
191,16,1,3
191,67,6,4
191,10,1,5
191,38,3,6
191,65,6,7
191,16,1,8
191,10,1,9
191,17,1,10
191,46,4,11
191,10,1,12
191,12,1,13
191,49,4,14
191,49,4,15
191,64,6,16
191,16,1,17
192,49,4,0
192,72,7,1
192,39,3,2
192,49,4,3
192,44,4,4
192,48,4,5
192,48,4,6
192,43,4,7
192,43,4,8
192,41,4,9
192,46,4,10
192,72,7,11
192,46,4,12
192,49,4,13
192,75,7,14
192,44,4,15
192,46,4,16
192,49,4,17
193,49,4,0
193,43,4,1
193,78,7,2
193,78,7,3
193,48,4,4
193,48,4,5
193,50,5,6
193,49,4,7
193,78,7,8
193,75,7,9
193,74,7,10
193,49,4,11
193,49,4,12
193,43,4,13
193,74,7,14
193,48,4,15
193,72,7,16
193,46,4,17
194,38,3,0
194,32,3,1
194,0,0,2
194,59,5,3
194,8,0,4
194,49,4,5
194,65,6,6
194,8,0,7
194,3,0,8
194,46,4,9
194,21,2,10
194,4,0,11
194,62,6,12
194,67,6,13
194,65,6,14
194,65,6,15
194,45,4,16
194,66,6,17
195,38,3,0
195,60,6,1
195,31,3,2
195,55,5,3
195,62,6,4
195,65,6,5
195,79,7,6
195,67,6,7
195,31,3,8
195,39,3,9
195,46,4,10
195,22,2,11
195,67,6,12
195,76,7,13
195,33,3,14
195,31,3,15
195,69,6,16
195,36,3,17
196,49,4,0
196,21,2,1
196,34,3,2
196,24,2,3
196,25,2,4
196,36,3,5
196,38,3,6
196,25,2,7
196,25,2,8
196,25,2,9
196,31,3,10
196,32,3,11
196,36,3,12
196,21,2,13
196,33,3,14
196,24,2,15
196,25,2,16
196,11,1,17
197,30,3,0
197,30,3,1
197,5,0,2
197,74,7,3
197,49,4,4
197,35,3,5
197,4,0,6
197,17,1,7
197,33,3,8
197,1,0,9
197,7,0,10
197,6,0,11
197,1,0,12
197,31,3,13
197,46,4,14
197,25,2,15
197,38,3,16
197,35,3,17
198,40,4,0
198,49,4,1
198,32,3,2
198,1,0,3
198,48,4,4
198,75,7,5
198,48,4,6
198,44,4,7
198,49,4,8
198,49,4,9
198,46,4,10
198,43,4,11
198,7,0,12
198,48,4,13
198,6,0,14
198,21,2,15
198,48,4,16
198,48,4,17
199,21,2,0
199,33,3,1
199,33,3,2
199,31,3,3
199,32,3,4
199,33,3,5
199,62,6,6
199,27,2,7
199,26,2,8
199,25,2,9
199,21,2,10
199,38,3,11
199,26,2,12
199,31,3,13
199,34,3,14
199,26,2,15
199,32,3,16
199,31,3,17
200,66,6,0
200,47,4,1
200,18,1,2
200,11,1,3
200,11,1,4
200,17,1,5
200,60,6,6
200,11,1,7
200,62,6,8
200,10,1,9
200,49,4,10
200,17,1,11
200,10,1,12
200,67,6,13
200,17,1,14
200,69,6,15
200,7,0,16
200,65,6,17
201,45,4,0
201,46,4,1
201,48,4,2
201,17,1,3
201,49,4,4
201,49,4,5
201,49,4,6
201,48,4,7
201,14,1,8
201,12,1,9
201,43,4,10
201,48,4,11
201,18,1,12
201,48,4,13
201,46,4,14
201,46,4,15
201,48,4,16
201,49,4,17
202,76,7,0
202,79,7,1
202,33,3,2
202,30,3,3
202,32,3,4
202,37,3,5
202,72,7,6
202,50,5,7
202,32,3,8
202,30,3,9
202,10,1,10
202,72,7,11
202,48,4,12
202,34,3,13
202,48,4,14
202,32,3,15
202,72,7,16
202,37,3,17
203,9,0,0
203,27,2,1
203,49,4,2
203,21,2,3
203,27,2,4
203,9,0,5
203,5,0,6
203,3,0,7
203,26,2,8
203,48,4,9
203,8,0,10
203,22,2,11
203,23,2,12
203,6,0,13
203,46,4,14
203,25,2,15
203,27,2,16
203,25,2,17
204,60,6,0
204,49,4,1
204,48,4,2
204,49,4,3
204,45,4,4
204,49,4,5
204,17,1,6
204,46,4,7
204,49,4,8
204,13,1,9
204,17,1,10
204,45,4,11
204,49,4,12
204,43,4,13
204,45,4,14
204,12,1,15
204,69,6,16
204,49,4,17
205,48,4,0
205,48,4,1
205,49,4,2
205,43,4,3
205,49,4,4
205,27,2,5
205,25,2,6
205,49,4,7
205,41,4,8
205,28,2,9
205,24,2,10
205,49,4,11
205,49,4,12
205,48,4,13
205,49,4,14
205,49,4,15
205,20,2,16
205,46,4,17
206,61,6,0
206,18,1,1
206,64,6,2
206,64,6,3
206,12,1,4
206,14,1,5
206,25,2,6
206,68,6,7
206,17,1,8
206,25,2,9
206,60,6,10
206,62,6,11
206,15,1,12
206,10,1,13
206,67,6,14
206,10,1,15
206,69,6,16
206,16,1,17
207,53,5,0
207,27,2,1
207,72,7,2
207,72,7,3
207,50,5,4
207,49,4,5
207,72,7,6
207,78,7,7
207,53,5,8
207,74,7,9
207,58,5,10
207,36,3,11
207,8,0,12
207,74,7,13
207,75,7,14
207,58,5,15
207,67,6,16
207,58,5,17
208,27,2,0
208,13,1,1
208,26,2,2
208,51,5,3
208,10,1,4
208,67,6,5
208,43,4,6
208,50,5,7
208,50,5,8
208,14,1,9
208,49,4,10
208,29,2,11
208,18,1,12
208,51,5,13
208,51,5,14
208,49,4,15
208,58,5,16
208,50,5,17
209,46,4,0
209,45,4,1
209,49,4,2
209,46,4,3
209,49,4,4
209,48,4,5
209,49,4,6
209,48,4,7
209,48,4,8
209,43,4,9
209,49,4,10
209,49,4,11
209,41,4,12
209,13,1,13
209,10,1,14
209,15,1,15
209,43,4,16
209,14,1,17
210,11,1,0
210,24,2,1
210,46,4,2
210,13,1,3
210,3,0,4
210,26,2,5
210,10,1,6
210,27,2,7
210,25,2,8
210,10,1,9
210,27,2,10
210,27,2,11
210,24,2,12
210,78,7,13
210,14,1,14
210,29,2,15
210,25,2,16
210,10,1,17
211,46,4,0
211,21,2,1
211,49,4,2
211,48,4,3
211,43,4,4
211,49,4,5
211,46,4,6
211,48,4,7
211,49,4,8
211,49,4,9
211,14,1,10
211,46,4,11
211,43,4,12
211,45,4,13
211,10,1,14
211,14,1,15
211,49,4,16
211,49,4,17
212,36,3,0
212,68,6,1
212,18,1,2
212,16,1,3
212,8,0,4
212,14,1,5
212,3,0,6
212,30,3,7
212,16,1,8
212,18,1,9
212,12,1,10
212,44,4,11
212,60,6,12
212,17,1,13
212,14,1,14
212,63,6,15
212,65,6,16
212,18,1,17
213,78,7,0
213,49,4,1
213,74,7,2
213,79,7,3
213,49,4,4
213,78,7,5
213,43,4,6
213,49,4,7
213,49,4,8
213,49,4,9
213,16,1,10
213,79,7,11
213,43,4,12
213,42,4,13
213,72,7,14
213,74,7,15
213,48,4,16
213,49,4,17
214,48,4,0
214,62,6,1
214,55,5,2
214,68,6,3
214,56,5,4
214,25,2,5
214,72,7,6
214,69,6,7
214,33,3,8
214,50,5,9
214,32,3,10
214,55,5,11
214,43,4,12
214,66,6,13
214,52,5,14
214,59,5,15
214,57,5,16
214,69,6,17
215,74,7,0
215,5,0,1
215,67,6,2
215,72,7,3
215,67,6,4
215,36,3,5
215,53,5,6
215,72,7,7
215,7,0,8
215,71,7,9
215,66,6,10
215,36,3,11
215,74,7,12
215,72,7,13
215,78,7,14
215,73,7,15
215,76,7,16
215,74,7,17
216,37,3,0
216,34,3,1
216,22,2,2
216,35,3,3
216,74,7,4
216,31,3,5
216,35,3,6
216,24,2,7
216,25,2,8
216,39,3,9
216,25,2,10
216,30,3,11
216,22,2,12
216,32,3,13
216,31,3,14
216,33,3,15
216,26,2,16
216,31,3,17
217,75,7,0
217,48,4,1
217,43,4,2
217,49,4,3
217,72,7,4
217,49,4,5
217,72,7,6
217,42,4,7
217,78,7,8
217,43,4,9
217,49,4,10
217,72,7,11
217,49,4,12
217,48,4,13
217,75,7,14
217,43,4,15
217,72,7,16
217,43,4,17
218,62,6,0
218,1,0,1
218,49,4,2
218,61,6,3
218,49,4,4
218,6,0,5
218,3,0,6
218,9,0,7
218,74,7,8
218,5,0,9
218,51,5,10
218,3,0,11
218,3,0,12
218,25,2,13
218,53,5,14
218,6,0,15
218,69,6,16
218,69,6,17
219,75,7,0
219,12,1,1
219,26,2,2
219,73,7,3
219,33,3,4
219,74,7,5
219,72,7,6
219,77,7,7
219,11,1,8
219,78,7,9
219,75,7,10
219,72,7,11
219,74,7,12
219,72,7,13
219,3,0,14
219,14,1,15
219,51,5,16
219,14,1,17
220,24,2,0
220,21,2,1
220,27,2,2
220,4,0,3
220,4,0,4
220,3,0,5
220,49,4,6
220,27,2,7
220,46,4,8
220,4,0,9
220,8,0,10
220,27,2,11
220,7,0,12
220,9,0,13
220,21,2,14
220,23,2,15
220,3,0,16
220,57,5,17
221,78,7,0
221,72,7,1
221,3,0,2
221,79,7,3
221,74,7,4
221,76,7,5
221,72,7,6
221,1,0,7
221,78,7,8
221,2,0,9
221,2,0,10
221,19,1,11
221,10,1,12
221,67,6,13
221,72,7,14
221,75,7,15
221,79,7,16
221,74,7,17
222,49,4,0
222,46,4,1
222,43,4,2
222,40,4,3
222,49,4,4
222,77,7,5
222,71,7,6
222,49,4,7
222,75,7,8
222,53,5,9
222,49,4,10
222,73,7,11
222,72,7,12
222,77,7,13
222,72,7,14
222,46,4,15
222,78,7,16
222,49,4,17
223,63,6,0
223,21,2,1
223,33,3,2
223,65,6,3
223,48,4,4
223,8,0,5
223,4,0,6
223,58,5,7
223,50,5,8
223,0,0,9
223,7,0,10
223,65,6,11
223,68,6,12
223,62,6,13
223,65,6,14
223,22,2,15
223,4,0,16
223,9,0,17
224,45,4,0
224,48,4,1
224,49,4,2
224,43,4,3
224,23,2,4
224,49,4,5
224,49,4,6
224,28,2,7
224,43,4,8
224,46,4,9
224,21,2,10
224,29,2,11
224,49,4,12
224,43,4,13
224,48,4,14
224,25,2,15
224,75,7,16
224,49,4,17
225,58,5,0
225,58,5,1
225,51,5,2
225,55,5,3
225,58,5,4
225,56,5,5
225,55,5,6
225,50,5,7
225,51,5,8
225,48,4,9
225,33,3,10
225,49,4,11
225,6,0,12
225,1,0,13
225,50,5,14
225,51,5,15
225,56,5,16
225,54,5,17
226,25,2,0
226,24,2,1
226,48,4,2
226,76,7,3
226,53,5,4
226,12,1,5
226,77,7,6
226,27,2,7
226,25,2,8
226,74,7,9
226,73,7,10
226,21,2,11
226,72,7,12
226,72,7,13
226,78,7,14
226,59,5,15
226,27,2,16
226,27,2,17
227,22,2,0
227,28,2,1
227,27,2,2
227,48,4,3
227,49,4,4
227,49,4,5
227,29,2,6
227,43,4,7
227,25,2,8
227,78,7,9
227,48,4,10
227,49,4,11
227,49,4,12
227,44,4,13
227,46,4,14
227,43,4,15
227,49,4,16
227,48,4,17
228,11,1,0
228,16,1,1
228,58,5,2
228,53,5,3
228,58,5,4
228,11,1,5
228,59,5,6
228,43,4,7
228,17,1,8
228,75,7,9
228,11,1,10
228,10,1,11
228,15,1,12
228,57,5,13
228,52,5,14
228,58,5,15
228,53,5,16
228,70,7,17
229,49,4,0
229,53,5,1
229,53,5,2
229,43,4,3
229,50,5,4
229,48,4,5
229,42,4,6
229,48,4,7
229,10,1,8
229,48,4,9
229,4,0,10
229,53,5,11
229,44,4,12
229,45,4,13
229,57,5,14
229,48,4,15
229,46,4,16
229,37,3,17
230,16,1,0
230,66,6,1
230,43,4,2
230,48,4,3
230,32,3,4
230,49,4,5
230,65,6,6
230,44,4,7
230,49,4,8
230,49,4,9
230,68,6,10
230,49,4,11
230,48,4,12
230,43,4,13
230,43,4,14
230,43,4,15
230,11,1,16
230,49,4,17
231,57,5,0
231,17,1,1
231,49,4,2
231,58,5,3
231,13,1,4
231,48,4,5
231,38,3,6
231,59,5,7
231,52,5,8
231,55,5,9
231,58,5,10
231,17,1,11
231,11,1,12
231,58,5,13
231,51,5,14
231,52,5,15
231,21,2,16
231,57,5,17
232,18,1,0
232,13,1,1
232,66,6,2
232,10,1,3
232,40,4,4
232,25,2,5
232,9,0,6
232,12,1,7
232,60,6,8
232,65,6,9
232,49,4,10
232,65,6,11
232,12,1,12
232,3,0,13
232,13,1,14
232,11,1,15
232,18,1,16
232,15,1,17
233,40,4,0
233,13,1,1
233,56,5,2
233,43,4,3
233,42,4,4
233,9,0,5
233,54,5,6
233,46,4,7
233,41,4,8
233,50,5,9
233,49,4,10
233,48,4,11
233,40,4,12
233,46,4,13
233,50,5,14
233,50,5,15
233,49,4,16
233,45,4,17
234,56,5,0
234,57,5,1
234,32,3,2
234,58,5,3
234,57,5,4
234,71,7,5
234,21,2,6
234,26,2,7
234,51,5,8
234,51,5,9
234,33,3,10
234,21,2,11
234,58,5,12
234,27,2,13
234,24,2,14
234,21,2,15
234,50,5,16
234,25,2,17
235,25,2,0
235,27,2,1
235,43,4,2
235,42,4,3
235,43,4,4
235,45,4,5
235,48,4,6
235,26,2,7
235,27,2,8
235,79,7,9
235,48,4,10
235,25,2,11
235,46,4,12
235,31,3,13
235,49,4,14
235,14,1,15
235,49,4,16
235,27,2,17
236,27,2,0
236,24,2,1
236,21,2,2
236,29,2,3
236,27,2,4
236,23,2,5
236,27,2,6
236,28,2,7
236,25,2,8
236,17,1,9
236,54,5,10
236,27,2,11
236,5,0,12
236,27,2,13
236,26,2,14
236,29,2,15
236,14,1,16
236,13,1,17
237,39,3,0
237,51,5,1
237,79,7,2
237,39,3,3
237,31,3,4
237,33,3,5
237,79,7,6
237,12,1,7
237,76,7,8
237,35,3,9
237,74,7,10
237,46,4,11
237,51,5,12
237,20,2,13
237,72,7,14
237,72,7,15
237,35,3,16
237,32,3,17
238,72,7,0
238,57,5,1
238,58,5,2
238,14,1,3
238,55,5,4
238,50,5,5
238,5,0,6
238,58,5,7
238,11,1,8
238,52,5,9
238,42,4,10
238,72,7,11
238,34,3,12
238,74,7,13
238,57,5,14
238,57,5,15
238,74,7,16
238,31,3,17
239,16,1,0
239,50,5,1
239,75,7,2
239,75,7,3
239,16,1,4
239,70,7,5
239,74,7,6
239,70,7,7
239,72,7,8
239,13,1,9
239,72,7,10
239,14,1,11
239,37,3,12
239,17,1,13
239,18,1,14
239,72,7,15
239,78,7,16
239,78,7,17
240,47,4,0
240,48,4,1
240,48,4,2
240,43,4,3
240,46,4,4
240,72,7,5
240,31,3,6
240,49,4,7
240,36,3,8
240,47,4,9
240,49,4,10
240,49,4,11
240,26,2,12
240,49,4,13
240,44,4,14
240,26,2,15
240,34,3,16
240,46,4,17
241,13,1,0
241,44,4,1
241,12,1,2
241,35,3,3
241,24,2,4
241,12,1,5
241,35,3,6
241,14,1,7
241,11,1,8
241,69,6,9
241,21,2,10
241,28,2,11
241,25,2,12
241,27,2,13
241,18,1,14
241,14,1,15
241,23,2,16
241,25,2,17
242,29,2,0
242,69,6,1
242,25,2,2
242,21,2,3
242,74,7,4
242,60,6,5
242,50,5,6
242,21,2,7
242,65,6,8
242,45,4,9
242,32,3,10
242,36,3,11
242,25,2,12
242,25,2,13
242,40,4,14
242,25,2,15
242,65,6,16
242,65,6,17
243,25,2,0
243,50,5,1
243,20,2,2
243,49,4,3
243,46,4,4
243,49,4,5
243,44,4,6
243,23,2,7
243,44,4,8
243,49,4,9
243,25,2,10
243,28,2,11
243,29,2,12
243,49,4,13
243,29,2,14
243,14,1,15
243,49,4,16
243,65,6,17
244,49,4,0
244,57,5,1
244,52,5,2
244,56,5,3
244,48,4,4
244,75,7,5
244,42,4,6
244,49,4,7
244,58,5,8
244,53,5,9
244,49,4,10
244,49,4,11
244,49,4,12
244,49,4,13
244,40,4,14
244,49,4,15
244,50,5,16
244,51,5,17
245,44,4,0
245,46,4,1
245,48,4,2
245,42,4,3
245,49,4,4
245,46,4,5
245,46,4,6
245,1,0,7
245,49,4,8
245,44,4,9
245,5,0,10
245,7,0,11
245,48,4,12
245,46,4,13
245,49,4,14
245,8,0,15
245,49,4,16
245,40,4,17
246,61,6,0
246,44,4,1
246,7,0,2
246,67,6,3
246,16,1,4
246,69,6,5
246,6,0,6
246,1,0,7
246,64,6,8
246,7,0,9
246,39,3,10
246,4,0,11
246,65,6,12
246,24,2,13
246,33,3,14
246,65,6,15
246,72,7,16
246,3,0,17
247,76,7,0
247,72,7,1
247,72,7,2
247,71,7,3
247,8,0,4
247,73,7,5
247,72,7,6
247,72,7,7
247,45,4,8
247,8,0,9
247,72,7,10
247,72,7,11
247,78,7,12
247,4,0,13
247,73,7,14
247,7,0,15
247,46,4,16
247,9,0,17
248,25,2,0
248,27,2,1
248,25,2,2
248,72,7,3
248,78,7,4
248,73,7,5
248,76,7,6
248,23,2,7
248,28,2,8
248,25,2,9
248,74,7,10
248,25,2,11
248,25,2,12
248,45,4,13
248,74,7,14
248,21,2,15
248,27,2,16
248,27,2,17
249,7,0,0
249,20,2,1
249,58,5,2
249,29,2,3
249,25,2,4
249,49,4,5
249,24,2,6
249,22,2,7
249,41,4,8
249,49,4,9
249,25,2,10
249,4,0,11
249,25,2,12
249,3,0,13
249,78,7,14
249,21,2,15
249,25,2,16
249,7,0,17
250,75,7,0
250,72,7,1
250,78,7,2
250,40,4,3
250,72,7,4
250,58,5,5
250,59,5,6
250,33,3,7
250,7,0,8
250,33,3,9
250,39,3,10
250,31,3,11
250,74,7,12
250,77,7,13
250,38,3,14
250,74,7,15
250,75,7,16
250,59,5,17
251,65,6,0
251,40,4,1
251,49,4,2
251,67,6,3
251,49,4,4
251,43,4,5
251,49,4,6
251,47,4,7
251,45,4,8
251,49,4,9
251,43,4,10
251,49,4,11
251,48,4,12
251,48,4,13
251,44,4,14
251,48,4,15
251,75,7,16
251,49,4,17
252,72,7,0
252,42,4,1
252,72,7,2
252,48,4,3
252,72,7,4
252,49,4,5
252,41,4,6
252,48,4,7
252,43,4,8
252,72,7,9
252,48,4,10
252,76,7,11
252,43,4,12
252,48,4,13
252,43,4,14
252,40,4,15
252,44,4,16
252,18,1,17
253,40,4,0
253,27,2,1
253,9,0,2
253,23,2,3
253,12,1,4
253,61,6,5
253,25,2,6
253,65,6,7
253,26,2,8
253,59,5,9
253,60,6,10
253,65,6,11
253,40,4,12
253,25,2,13
253,20,2,14
253,18,1,15
253,29,2,16
253,66,6,17
254,19,1,0
254,72,7,1
254,40,4,2
254,11,1,3
254,25,2,4
254,49,4,5
254,17,1,6
254,24,2,7
254,29,2,8
254,25,2,9
254,29,2,10
254,12,1,11
254,51,5,12
254,11,1,13
254,17,1,14
254,27,2,15
254,18,1,16
254,51,5,17
255,25,2,0
255,56,5,1
255,52,5,2
255,25,2,3
255,20,2,4
255,28,2,5
255,27,2,6
255,58,5,7
255,58,5,8
255,50,5,9
255,68,6,10
255,26,2,11
255,50,5,12
255,25,2,13
255,20,2,14
255,21,2,15
255,6,0,16
255,21,2,17
256,77,7,0
256,78,7,1
256,72,7,2
256,71,7,3
256,73,7,4
256,61,6,5
256,64,6,6
256,3,0,7
256,49,4,8
256,72,7,9
256,65,6,10
256,75,7,11
256,75,7,12
256,66,6,13
256,74,7,14
256,75,7,15
256,74,7,16
256,78,7,17
257,33,3,0
257,31,3,1
257,0,0,2
257,36,3,3
257,3,0,4
257,4,0,5
257,38,3,6
257,53,5,7
257,37,3,8
257,48,4,9
257,32,3,10
257,31,3,11
257,7,0,12
257,3,0,13
257,4,0,14
257,5,0,15
257,46,4,16
257,0,0,17
258,58,5,0
258,31,3,1
258,53,5,2
258,58,5,3
258,32,3,4
258,33,3,5
258,52,5,6
258,54,5,7
258,58,5,8
258,38,3,9
258,22,2,10
258,72,7,11
258,33,3,12
258,54,5,13
258,58,5,14
258,50,5,15
258,49,4,16
258,33,3,17
259,31,3,0
259,62,6,1
259,32,3,2
259,38,3,3
259,39,3,4
259,69,6,5
259,39,3,6
259,48,4,7
259,65,6,8
259,33,3,9
259,60,6,10
259,30,3,11
259,25,2,12
259,72,7,13
259,33,3,14
259,38,3,15
259,31,3,16
259,33,3,17
260,72,7,0
260,55,5,1
260,78,7,2
260,74,7,3
260,33,3,4
260,72,7,5
260,67,6,6
260,13,1,7
260,61,6,8
260,72,7,9
260,72,7,10
260,78,7,11
260,69,6,12
260,65,6,13
260,78,7,14
260,71,7,15
260,72,7,16
260,52,5,17
261,65,6,0
261,47,4,1
261,8,0,2
261,49,4,3
261,65,6,4
261,62,6,5
261,67,6,6
261,14,1,7
261,60,6,8
261,48,4,9
261,60,6,10
261,32,3,11
261,46,4,12
261,9,0,13
261,43,4,14
261,6,0,15
261,68,6,16
261,7,0,17
262,62,6,0
262,48,4,1
262,65,6,2
262,63,6,3
262,39,3,4
262,10,1,5
262,37,3,6
262,34,3,7
262,72,7,8
262,35,3,9
262,58,5,10
262,33,3,11
262,72,7,12
262,72,7,13
262,39,3,14
262,78,7,15
262,35,3,16
262,8,0,17
263,25,2,0
263,50,5,1
263,58,5,2
263,25,2,3
263,50,5,4
263,50,5,5
263,50,5,6
263,50,5,7
263,29,2,8
263,31,3,9
263,52,5,10
263,59,5,11
263,58,5,12
263,27,2,13
263,25,2,14
263,48,4,15
263,56,5,16
263,53,5,17
264,44,4,0
264,17,1,1
264,51,5,2
264,27,2,3
264,54,5,4
264,55,5,5
264,58,5,6
264,56,5,7
264,78,7,8
264,15,1,9
264,50,5,10
264,43,4,11
264,57,5,12
264,53,5,13
264,50,5,14
264,53,5,15
264,49,4,16
264,59,5,17
265,51,5,0
265,55,5,1
265,53,5,2
265,55,5,3
265,62,6,4
265,53,5,5
265,55,5,6
265,25,2,7
265,64,6,8
265,70,7,9
265,61,6,10
265,67,6,11
265,51,5,12
265,68,6,13
265,31,3,14
265,76,7,15
265,67,6,16
265,78,7,17
266,28,2,0
266,3,0,1
266,27,2,2
266,20,2,3
266,3,0,4
266,8,0,5
266,3,0,6
266,23,2,7
266,7,0,8
266,7,0,9
266,0,0,10
266,27,2,11
266,29,2,12
266,25,2,13
266,25,2,14
266,27,2,15
266,71,7,16
266,33,3,17
267,69,6,0
267,61,6,1
267,8,0,2
267,63,6,3
267,63,6,4
267,70,7,5
267,39,3,6
267,24,2,7
267,0,0,8
267,45,4,9
267,6,0,10
267,65,6,11
267,68,6,12
267,67,6,13
267,3,0,14
267,54,5,15
267,61,6,16
267,5,0,17
268,27,2,0
268,43,4,1
268,49,4,2
268,25,2,3
268,78,7,4
268,48,4,5
268,78,7,6
268,46,4,7
268,49,4,8
268,49,4,9
268,28,2,10
268,49,4,11
268,23,2,12
268,49,4,13
268,45,4,14
268,49,4,15
268,46,4,16
268,48,4,17
269,40,4,0
269,48,4,1
269,35,3,2
269,38,3,3
269,46,4,4
269,49,4,5
269,48,4,6
269,33,3,7
269,49,4,8
269,43,4,9
269,32,3,10
269,48,4,11
269,49,4,12
269,26,2,13
269,49,4,14
269,43,4,15
269,39,3,16
269,48,4,17
270,65,6,0
270,16,1,1
270,27,2,2
270,49,4,3
270,48,4,4
270,13,1,5
270,40,4,6
270,46,4,7
270,49,4,8
270,49,4,9
270,65,6,10
270,45,4,11
270,49,4,12
270,49,4,13
270,44,4,14
270,49,4,15
270,43,4,16
270,45,4,17
271,31,3,0
271,46,4,1
271,49,4,2
271,49,4,3
271,49,4,4
271,31,3,5
271,49,4,6
271,48,4,7
271,49,4,8
271,31,3,9
271,43,4,10
271,36,3,11
271,31,3,12
271,48,4,13
271,48,4,14
271,49,4,15
271,71,7,16
271,38,3,17
272,72,7,0
272,67,6,1
272,7,0,2
272,6,0,3
272,12,1,4
272,45,4,5
272,29,2,6
272,7,0,7
272,10,1,8
272,7,0,9
272,76,7,10
272,0,0,11
272,9,0,12
272,65,6,13
272,16,1,14
272,3,0,15
272,1,0,16
272,53,5,17
273,61,6,0
273,57,5,1
273,31,3,2
273,37,3,3
273,50,5,4
273,35,3,5
273,37,3,6
273,63,6,7
273,52,5,8
273,58,5,9
273,35,3,10
273,58,5,11
273,35,3,12
273,51,5,13
273,53,5,14
273,33,3,15
273,50,5,16
273,59,5,17
274,31,3,0
274,4,0,1
274,66,6,2
274,31,3,3
274,25,2,4
274,32,3,5
274,3,0,6
274,33,3,7
274,12,1,8
274,35,3,9
274,65,6,10
274,65,6,11
274,49,4,12
274,31,3,13
274,69,6,14
274,39,3,15
274,25,2,16
274,58,5,17
275,78,7,0
275,18,1,1
275,12,1,2
275,78,7,3
275,58,5,4
275,77,7,5
275,74,7,6
275,72,7,7
275,78,7,8
275,78,7,9
275,79,7,10
275,16,1,11
275,75,7,12
275,10,1,13
275,78,7,14
275,72,7,15
275,72,7,16
275,11,1,17
276,49,4,0
276,48,4,1
276,21,2,2
276,42,4,3
276,21,2,4
276,48,4,5
276,48,4,6
276,14,1,7
276,42,4,8
276,21,2,9
276,48,4,10
276,42,4,11
276,27,2,12
276,24,2,13
276,49,4,14
276,78,7,15
276,26,2,16
276,49,4,17
277,48,4,0
277,49,4,1
277,14,1,2
277,12,1,3
277,27,2,4
277,49,4,5
277,17,1,6
277,49,4,7
277,48,4,8
277,48,4,9
277,11,1,10
277,48,4,11
277,47,4,12
277,49,4,13
277,42,4,14
277,48,4,15
277,8,0,16
277,45,4,17
278,55,5,0
278,75,7,1
278,29,2,2
278,25,2,3
278,50,5,4
278,51,5,5
278,25,2,6
278,50,5,7
278,21,2,8
278,59,5,9
278,21,2,10
278,59,5,11
278,50,5,12
278,53,5,13
278,50,5,14
278,23,2,15
278,52,5,16
278,50,5,17
279,74,7,0
279,79,7,1
279,67,6,2
279,75,7,3
279,50,5,4
279,65,6,5
279,78,7,6
279,65,6,7
279,72,7,8
279,35,3,9
279,78,7,10
279,72,7,11
279,49,4,12
279,72,7,13
279,78,7,14
279,61,6,15
279,61,6,16
279,32,3,17
280,28,2,0
280,14,1,1
280,58,5,2
280,23,2,3
280,61,6,4
280,65,6,5
280,20,2,6
280,25,2,7
280,12,1,8
280,59,5,9
280,48,4,10
280,15,1,11
280,46,4,12
280,17,1,13
280,27,2,14
280,25,2,15
280,15,1,16
280,25,2,17
281,61,6,0
281,57,5,1
281,59,5,2
281,14,1,3
281,31,3,4
281,55,5,5
281,57,5,6
281,39,3,7
281,43,4,8
281,12,1,9
281,53,5,10
281,13,1,11
281,51,5,12
281,53,5,13
281,50,5,14
281,39,3,15
281,15,1,16
281,57,5,17
282,49,4,0
282,50,5,1
282,45,4,2
282,41,4,3
282,43,4,4
282,54,5,5
282,54,5,6
282,48,4,7
282,40,4,8
282,53,5,9
282,50,5,10
282,50,5,11
282,50,5,12
282,50,5,13
282,41,4,14
282,47,4,15
282,48,4,16
282,58,5,17
283,72,7,0
283,3,0,1
283,35,3,2
283,38,3,3
283,49,4,4
283,79,7,5
283,6,0,6
283,72,7,7
283,78,7,8
283,72,7,9
283,37,3,10
283,72,7,11
283,72,7,12
283,36,3,13
283,33,3,14
283,72,7,15
283,72,7,16
283,37,3,17
284,40,4,0
284,72,7,1
284,49,4,2
284,7,0,3
284,77,7,4
284,4,0,5
284,72,7,6
284,78,7,7
284,1,0,8
284,7,0,9
284,78,7,10
284,3,0,11
284,55,5,12
284,78,7,13
284,4,0,14
284,3,0,15
284,7,0,16
284,3,0,17
285,46,4,0
285,45,4,1
285,72,7,2
285,49,4,3
285,1,0,4
285,45,4,5
285,17,1,6
285,43,4,7
285,43,4,8
285,46,4,9
285,13,1,10
285,50,5,11
285,46,4,12
285,16,1,13
285,44,4,14
285,49,4,15
285,44,4,16
285,46,4,17
286,69,6,0
286,69,6,1
286,50,5,2
286,51,5,3
286,58,5,4
286,67,6,5
286,50,5,6
286,53,5,7
286,73,7,8
286,72,7,9
286,61,6,10
286,54,5,11
286,51,5,12
286,69,6,13
286,56,5,14
286,67,6,15
286,65,6,16
286,54,5,17
287,31,3,0
287,38,3,1
287,74,7,2
287,31,3,3
287,44,4,4
287,16,1,5
287,49,4,6
287,17,1,7
287,30,3,8
287,37,3,9
287,43,4,10
287,14,1,11
287,32,3,12
287,32,3,13
287,48,4,14
287,33,3,15
287,17,1,16
287,11,1,17
288,43,4,0
288,31,3,1
288,31,3,2
288,25,2,3
288,39,3,4
288,38,3,5
288,23,2,6
288,53,5,7
288,27,2,8
288,23,2,9
288,21,2,10
288,35,3,11
288,25,2,12
288,35,3,13
288,37,3,14
288,3,0,15
288,39,3,16
288,38,3,17
289,74,7,0
289,55,5,1
289,71,7,2
289,4,0,3
289,53,5,4
289,4,0,5
289,75,7,6
289,3,0,7
289,67,6,8
289,75,7,9
289,78,7,10
289,72,7,11
289,42,4,12
289,49,4,13
289,78,7,14
289,75,7,15
289,58,5,16
289,78,7,17
290,74,7,0
290,66,6,1
290,40,4,2
290,14,1,3
290,59,5,4
290,53,5,5
290,22,2,6
290,24,2,7
290,25,2,8
290,68,6,9
290,20,2,10
290,21,2,11
290,25,2,12
290,27,2,13
290,26,2,14
290,25,2,15
290,49,4,16
290,25,2,17
291,58,5,0
291,29,2,1
291,4,0,2
291,3,0,3
291,8,0,4
291,77,7,5
291,79,7,6
291,3,0,7
291,78,7,8
291,8,0,9
291,6,0,10
291,3,0,11
291,4,0,12
291,3,0,13
291,8,0,14
291,79,7,15
291,78,7,16
291,74,7,17
292,33,3,0
292,36,3,1
292,48,4,2
292,39,3,3
292,39,3,4
292,33,3,5
292,31,3,6
292,49,4,7
292,62,6,8
292,78,7,9
292,66,6,10
292,49,4,11
292,39,3,12
292,31,3,13
292,48,4,14
292,11,1,15
292,34,3,16
292,30,3,17
293,38,3,0
293,16,1,1
293,39,3,2
293,30,3,3
293,18,1,4
293,35,3,5
293,15,1,6
293,10,1,7
293,32,3,8
293,46,4,9
293,16,1,10
293,31,3,11
293,10,1,12
293,74,7,13
293,11,1,14
293,38,3,15
293,19,1,16
293,11,1,17
294,21,2,0
294,27,2,1
294,23,2,2
294,72,7,3
294,78,7,4
294,24,2,5
294,74,7,6
294,48,4,7
294,22,2,8
294,29,2,9
294,65,6,10
294,25,2,11
294,22,2,12
294,69,6,13
294,75,7,14
294,27,2,15
294,21,2,16
294,72,7,17
295,73,7,0
295,66,6,1
295,3,0,2
295,33,3,3
295,37,3,4
295,3,0,5
295,2,0,6
295,58,5,7
295,1,0,8
295,67,6,9
295,26,2,10
295,3,0,11
295,8,0,12
295,61,6,13
295,4,0,14
295,4,0,15
295,8,0,16
295,3,0,17
296,17,1,0
296,44,4,1
296,16,1,2
296,5,0,3
296,16,1,4
296,11,1,5
296,5,0,6
296,10,1,7
296,9,0,8
296,75,7,9
296,46,4,10
296,5,0,11
296,1,0,12
296,14,1,13
296,0,0,14
296,56,5,15
296,78,7,16
296,11,1,17
297,72,7,0
297,77,7,1
297,72,7,2
297,75,7,3
297,74,7,4
297,41,4,5
297,72,7,6
297,65,6,7
297,78,7,8
297,74,7,9
297,34,3,10
297,65,6,11
297,67,6,12
297,79,7,13
297,74,7,14
297,75,7,15
297,49,4,16
297,72,7,17
298,59,5,0
298,15,1,1
298,58,5,2
298,56,5,3
298,59,5,4
298,57,5,5
298,53,5,6
298,51,5,7
298,14,1,8
298,11,1,9
298,39,3,10
298,36,3,11
298,18,1,12
298,39,3,13
298,21,2,14
298,13,1,15
298,53,5,16
298,16,1,17
299,65,6,0
299,21,2,1
299,67,6,2
299,69,6,3
299,43,4,4
299,32,3,5
299,25,2,6
299,5,0,7
299,49,4,8
299,3,0,9
299,72,7,10
299,21,2,11
299,65,6,12
299,4,0,13
299,69,6,14
299,4,0,15
299,27,2,16
299,21,2,17
300,38,3,0
300,37,3,1
300,45,4,2
300,49,4,3
300,48,4,4
300,49,4,5
300,49,4,6
300,49,4,7
300,46,4,8
300,46,4,9
300,48,4,10
300,46,4,11
300,39,3,12
300,39,3,13
300,3,0,14
300,49,4,15
300,45,4,16
300,31,3,17
301,50,5,0
301,65,6,1
301,43,4,2
301,48,4,3
301,45,4,4
301,48,4,5
301,45,4,6
301,43,4,7
301,49,4,8
301,40,4,9
301,47,4,10
301,48,4,11
301,67,6,12
301,49,4,13
301,46,4,14
301,46,4,15
301,54,5,16
301,52,5,17
302,49,4,0
302,79,7,1
302,79,7,2
302,75,7,3
302,49,4,4
302,41,4,5
302,49,4,6
302,71,7,7
302,48,4,8
302,60,6,9
302,27,2,10
302,48,4,11
302,21,2,12
302,49,4,13
302,44,4,14
302,43,4,15
302,72,7,16
302,73,7,17
303,49,4,0
303,46,4,1
303,17,1,2
303,45,4,3
303,78,7,4
303,48,4,5
303,61,6,6
303,49,4,7
303,74,7,8
303,49,4,9
303,70,7,10
303,49,4,11
303,18,1,12
303,49,4,13
303,49,4,14
303,75,7,15
303,57,5,16
303,49,4,17
304,49,4,0
304,48,4,1
304,46,4,2
304,43,4,3
304,49,4,4
304,46,4,5
304,36,3,6
304,39,3,7
304,31,3,8
304,32,3,9
304,49,4,10
304,49,4,11
304,35,3,12
304,16,1,13
304,30,3,14
304,33,3,15
304,49,4,16
304,32,3,17
305,62,6,0
305,65,6,1
305,66,6,2
305,72,7,3
305,49,4,4
305,62,6,5
305,68,6,6
305,69,6,7
305,3,0,8
305,63,6,9
305,56,5,10
305,66,6,11
305,32,3,12
305,64,6,13
305,67,6,14
305,23,2,15
305,32,3,16
305,38,3,17
306,48,4,0
306,78,7,1
306,75,7,2
306,46,4,3
306,77,7,4
306,43,4,5
306,46,4,6
306,49,4,7
306,43,4,8
306,48,4,9
306,72,7,10
306,42,4,11
306,72,7,12
306,75,7,13
306,76,7,14
306,72,7,15
306,58,5,16
306,72,7,17
307,72,7,0
307,78,7,1
307,78,7,2
307,72,7,3
307,72,7,4
307,72,7,5
307,67,6,6
307,64,6,7
307,61,6,8
307,69,6,9
307,58,5,10
307,60,6,11
307,31,3,12
307,68,6,13
307,72,7,14
307,71,7,15
307,46,4,16
307,75,7,17
308,50,5,0
308,63,6,1
308,61,6,2
308,53,5,3
308,60,6,4
308,50,5,5
308,57,5,6
308,53,5,7
308,55,5,8
308,55,5,9
308,53,5,10
308,50,5,11
308,53,5,12
308,63,6,13
308,58,5,14
308,58,5,15
308,53,5,16
308,67,6,17
309,48,4,0
309,43,4,1
309,3,0,2
309,43,4,3
309,47,4,4
309,69,6,5
309,49,4,6
309,49,4,7
309,61,6,8
309,46,4,9
309,9,0,10
309,35,3,11
309,49,4,12
309,40,4,13
309,49,4,14
309,40,4,15
309,35,3,16
309,40,4,17
310,31,3,0
310,72,7,1
310,55,5,2
310,38,3,3
310,38,3,4
310,35,3,5
310,37,3,6
310,18,1,7
310,46,4,8
310,38,3,9
310,38,3,10
310,31,3,11
310,31,3,12
310,46,4,13
310,55,5,14
310,48,4,15
310,32,3,16
310,12,1,17
311,14,1,0
311,67,6,1
311,69,6,2
311,49,4,3
311,61,6,4
311,11,1,5
311,14,1,6
311,67,6,7
311,65,6,8
311,65,6,9
311,10,1,10
311,12,1,11
311,62,6,12
311,63,6,13
311,17,1,14
311,16,1,15
311,49,4,16
311,11,1,17
312,24,2,0
312,18,1,1
312,31,3,2
312,24,2,3
312,27,2,4
312,22,2,5
312,48,4,6
312,25,2,7
312,24,2,8
312,74,7,9
312,22,2,10
312,69,6,11
312,27,2,12
312,49,4,13
312,67,6,14
312,27,2,15
312,44,4,16
312,20,2,17
313,0,0,0
313,55,5,1
313,31,3,2
313,39,3,3
313,35,3,4
313,36,3,5
313,37,3,6
313,14,1,7
313,33,3,8
313,15,1,9
313,10,1,10
313,17,1,11
313,18,1,12
313,72,7,13
313,14,1,14
313,10,1,15
313,48,4,16
313,32,3,17
314,72,7,0
314,4,0,1
314,8,0,2
314,67,6,3
314,72,7,4
314,74,7,5
314,2,0,6
314,1,0,7
314,67,6,8
314,65,6,9
314,5,0,10
314,4,0,11
314,1,0,12
314,57,5,13
314,25,2,14
314,67,6,15
314,9,0,16
314,45,4,17
315,29,2,0
315,33,3,1
315,50,5,2
315,65,6,3
315,74,7,4
315,31,3,5
315,52,5,6
315,57,5,7
315,10,1,8
315,50,5,9
315,58,5,10
315,51,5,11
315,51,5,12
315,50,5,13
315,24,2,14
315,16,1,15
315,52,5,16
315,50,5,17
316,75,7,0
316,50,5,1
316,31,3,2
316,72,7,3
316,72,7,4
316,69,6,5
316,45,4,6
316,67,6,7
316,76,7,8
316,15,1,9
316,61,6,10
316,65,6,11
316,26,2,12
316,72,7,13
316,70,7,14
316,72,7,15
316,69,6,16
316,72,7,17
317,1,0,0
317,16,1,1
317,48,4,2
317,4,0,3
317,4,0,4
317,3,0,5
317,3,0,6
317,4,0,7
317,8,0,8
317,8,0,9
317,3,0,10
317,27,2,11
317,10,1,12
317,14,1,13
317,10,1,14
317,10,1,15
317,3,0,16
317,10,1,17
318,46,4,0
318,31,3,1
318,48,4,2
318,32,3,3
318,44,4,4
318,38,3,5
318,44,4,6
318,32,3,7
318,48,4,8
318,32,3,9
318,48,4,10
318,41,4,11
318,33,3,12
318,5,0,13
318,41,4,14
318,48,4,15
318,44,4,16
318,39,3,17
319,24,2,0
319,48,4,1
319,21,2,2
319,35,3,3
319,33,3,4
319,25,2,5
319,35,3,6
319,32,3,7
319,39,3,8
319,30,3,9
319,31,3,10
319,33,3,11
319,21,2,12
319,22,2,13
319,22,2,14
319,34,3,15
319,39,3,16
319,25,2,17
